datetime,area_id,available_drivers
6/1/2025 0:00,101,9
6/1/2025 1:00,101,8
6/1/2025 2:00,101,10
6/1/2025 3:00,101,12
6/1/2025 4:00,101,8
6/1/2025 5:00,101,8
6/1/2025 6:00,101,25
6/1/2025 7:00,101,24
6/1/2025 8:00,101,21
6/1/2025 9:00,101,23
6/1/2025 10:00,101,14
6/1/2025 11:00,101,14
6/1/2025 12:00,101,15
6/1/2025 13:00,101,11
6/1/2025 14:00,101,11
6/1/2025 15:00,101,14
6/1/2025 16:00,101,13
6/1/2025 17:00,101,23
6/1/2025 18:00,101,20
6/1/2025 19:00,101,19
6/1/2025 20:00,101,25
6/1/2025 21:00,101,11
6/1/2025 22:00,101,11
6/1/2025 23:00,101,8
6/2/2025 0:00,101,8
6/2/2025 1:00,101,10
6/2/2025 2:00,101,7
6/2/2025 3:00,101,10
6/2/2025 4:00,101,8
6/2/2025 5:00,101,9
6/2/2025 6:00,101,23
6/2/2025 7:00,101,28
6/2/2025 8:00,101,24
6/2/2025 9:00,101,22
6/2/2025 10:00,101,18
6/2/2025 11:00,101,14
6/2/2025 12:00,101,17
6/2/2025 13:00,101,13
6/2/2025 14:00,101,14
6/2/2025 15:00,101,17
6/2/2025 16:00,101,18
6/2/2025 17:00,101,25
6/2/2025 18:00,101,24
6/2/2025 19:00,101,24
6/2/2025 20:00,101,22
6/2/2025 21:00,101,11
6/2/2025 22:00,101,12
6/2/2025 23:00,101,15
6/3/2025 0:00,101,10
6/3/2025 1:00,101,6
6/3/2025 2:00,101,10
6/3/2025 3:00,101,9
6/3/2025 4:00,101,8
6/3/2025 5:00,101,11
6/3/2025 6:00,101,27
6/3/2025 7:00,101,26
6/3/2025 8:00,101,23
6/3/2025 9:00,101,24
6/3/2025 10:00,101,17
6/3/2025 11:00,101,18
6/3/2025 12:00,101,16
6/3/2025 13:00,101,16
6/3/2025 14:00,101,14
6/3/2025 15:00,101,14
6/3/2025 16:00,101,18
6/3/2025 17:00,101,27
6/3/2025 18:00,101,24
6/3/2025 19:00,101,27
6/3/2025 20:00,101,25
6/3/2025 21:00,101,11
6/3/2025 22:00,101,13
6/3/2025 23:00,101,16
6/4/2025 0:00,101,9
6/4/2025 1:00,101,13
6/4/2025 2:00,101,4
6/4/2025 3:00,101,11
6/4/2025 4:00,101,10
6/4/2025 5:00,101,9
6/4/2025 6:00,101,25
6/4/2025 7:00,101,21
6/4/2025 8:00,101,24
6/4/2025 9:00,101,25
6/4/2025 10:00,101,19
6/4/2025 11:00,101,15
6/4/2025 12:00,101,15
6/4/2025 13:00,101,15
6/4/2025 14:00,101,18
6/4/2025 15:00,101,17
6/4/2025 16:00,101,15
6/4/2025 17:00,101,26
6/4/2025 18:00,101,25
6/4/2025 19:00,101,26
6/4/2025 20:00,101,23
6/4/2025 21:00,101,12
6/4/2025 22:00,101,12
6/4/2025 23:00,101,10
6/5/2025 0:00,101,10
6/5/2025 1:00,101,10
6/5/2025 2:00,101,10
6/5/2025 3:00,101,9
6/5/2025 4:00,101,7
6/5/2025 5:00,101,9
6/5/2025 6:00,101,24
6/5/2025 7:00,101,23
6/5/2025 8:00,101,24
6/5/2025 9:00,101,25
6/5/2025 10:00,101,20
6/5/2025 11:00,101,17
6/5/2025 12:00,101,17
6/5/2025 13:00,101,16
6/5/2025 14:00,101,13
6/5/2025 15:00,101,16
6/5/2025 16:00,101,17
6/5/2025 17:00,101,29
6/5/2025 18:00,101,24
6/5/2025 19:00,101,25
6/5/2025 20:00,101,24
6/5/2025 21:00,101,10
6/5/2025 22:00,101,15
6/5/2025 23:00,101,14
6/6/2025 0:00,101,11
6/6/2025 1:00,101,8
6/6/2025 2:00,101,12
6/6/2025 3:00,101,7
6/6/2025 4:00,101,11
6/6/2025 5:00,101,14
6/6/2025 6:00,101,23
6/6/2025 7:00,101,23
6/6/2025 8:00,101,25
6/6/2025 9:00,101,23
6/6/2025 10:00,101,13
6/6/2025 11:00,101,17
6/6/2025 12:00,101,14
6/6/2025 13:00,101,17
6/6/2025 14:00,101,15
6/6/2025 15:00,101,20
6/6/2025 16:00,101,15
6/6/2025 17:00,101,24
6/6/2025 18:00,101,26
6/6/2025 19:00,101,22
6/6/2025 20:00,101,25
6/6/2025 21:00,101,15
6/6/2025 22:00,101,9
6/6/2025 23:00,101,13
6/7/2025 0:00,101,9
6/7/2025 1:00,101,10
6/7/2025 2:00,101,6
6/7/2025 3:00,101,6
6/7/2025 4:00,101,10
6/7/2025 5:00,101,9
6/7/2025 6:00,101,23
6/7/2025 7:00,101,23
6/7/2025 8:00,101,21
6/7/2025 9:00,101,22
6/7/2025 10:00,101,15
6/7/2025 11:00,101,13
6/7/2025 12:00,101,19
6/7/2025 13:00,101,16
6/7/2025 14:00,101,12
6/7/2025 15:00,101,16
6/7/2025 16:00,101,13
6/7/2025 17:00,101,24
6/7/2025 18:00,101,24
6/7/2025 19:00,101,20
6/7/2025 20:00,101,24
6/7/2025 21:00,101,12
6/7/2025 22:00,101,13
6/7/2025 23:00,101,15
6/8/2025 0:00,101,8
6/8/2025 1:00,101,7
6/8/2025 2:00,101,7
6/8/2025 3:00,101,7
6/8/2025 4:00,101,8
6/8/2025 5:00,101,9
6/8/2025 6:00,101,23
6/8/2025 7:00,101,24
6/8/2025 8:00,101,22
6/8/2025 9:00,101,25
6/8/2025 10:00,101,14
6/8/2025 11:00,101,20
6/8/2025 12:00,101,16
6/8/2025 13:00,101,13
6/8/2025 14:00,101,13
6/8/2025 15:00,101,16
6/8/2025 16:00,101,14
6/8/2025 17:00,101,23
6/8/2025 18:00,101,23
6/8/2025 19:00,101,22
6/8/2025 20:00,101,20
6/8/2025 21:00,101,8
6/8/2025 22:00,101,10
6/8/2025 23:00,101,13
6/9/2025 0:00,101,10
6/9/2025 1:00,101,7
6/9/2025 2:00,101,10
6/9/2025 3:00,101,10
6/9/2025 4:00,101,8
6/9/2025 5:00,101,10
6/9/2025 6:00,101,25
6/9/2025 7:00,101,22
6/9/2025 8:00,101,25
6/9/2025 9:00,101,26
6/9/2025 10:00,101,19
6/9/2025 11:00,101,19
6/9/2025 12:00,101,14
6/9/2025 13:00,101,15
6/9/2025 14:00,101,18
6/9/2025 15:00,101,18
6/9/2025 16:00,101,18
6/9/2025 17:00,101,32
6/9/2025 18:00,101,26
6/9/2025 19:00,101,27
6/9/2025 20:00,101,26
6/9/2025 21:00,101,14
6/9/2025 22:00,101,12
6/9/2025 23:00,101,14
6/10/2025 0:00,101,8
6/10/2025 1:00,101,9
6/10/2025 2:00,101,9
6/10/2025 3:00,101,10
6/10/2025 4:00,101,14
6/10/2025 5:00,101,6
6/10/2025 6:00,101,26
6/10/2025 7:00,101,21
6/10/2025 8:00,101,24
6/10/2025 9:00,101,27
6/10/2025 10:00,101,17
6/10/2025 11:00,101,14
6/10/2025 12:00,101,15
6/10/2025 13:00,101,18
6/10/2025 14:00,101,15
6/10/2025 15:00,101,17
6/10/2025 16:00,101,17
6/10/2025 17:00,101,23
6/10/2025 18:00,101,29
6/10/2025 19:00,101,26
6/10/2025 20:00,101,20
6/10/2025 21:00,101,13
6/10/2025 22:00,101,11
6/10/2025 23:00,101,14
6/11/2025 0:00,101,8
6/11/2025 1:00,101,9
6/11/2025 2:00,101,11
6/11/2025 3:00,101,11
6/11/2025 4:00,101,7
6/11/2025 5:00,101,9
6/11/2025 6:00,101,24
6/11/2025 7:00,101,23
6/11/2025 8:00,101,28
6/11/2025 9:00,101,25
6/11/2025 10:00,101,14
6/11/2025 11:00,101,18
6/11/2025 12:00,101,21
6/11/2025 13:00,101,19
6/11/2025 14:00,101,13
6/11/2025 15:00,101,16
6/11/2025 16:00,101,19
6/11/2025 17:00,101,23
6/11/2025 18:00,101,25
6/11/2025 19:00,101,26
6/11/2025 20:00,101,23
6/11/2025 21:00,101,12
6/11/2025 22:00,101,6
6/11/2025 23:00,101,10
6/12/2025 0:00,101,9
6/12/2025 1:00,101,7
6/12/2025 2:00,101,13
6/12/2025 3:00,101,7
6/12/2025 4:00,101,9
6/12/2025 5:00,101,10
6/12/2025 6:00,101,27
6/12/2025 7:00,101,22
6/12/2025 8:00,101,27
6/12/2025 9:00,101,25
6/12/2025 10:00,101,15
6/12/2025 11:00,101,17
6/12/2025 12:00,101,17
6/12/2025 13:00,101,15
6/12/2025 14:00,101,17
6/12/2025 15:00,101,16
6/12/2025 16:00,101,17
6/12/2025 17:00,101,26
6/12/2025 18:00,101,28
6/12/2025 19:00,101,22
6/12/2025 20:00,101,29
6/12/2025 21:00,101,9
6/12/2025 22:00,101,12
6/12/2025 23:00,101,14
6/13/2025 0:00,101,10
6/13/2025 1:00,101,8
6/13/2025 2:00,101,9
6/13/2025 3:00,101,9
6/13/2025 4:00,101,8
6/13/2025 5:00,101,11
6/13/2025 6:00,101,25
6/13/2025 7:00,101,23
6/13/2025 8:00,101,26
6/13/2025 9:00,101,25
6/13/2025 10:00,101,18
6/13/2025 11:00,101,18
6/13/2025 12:00,101,15
6/13/2025 13:00,101,15
6/13/2025 14:00,101,18
6/13/2025 15:00,101,18
6/13/2025 16:00,101,16
6/13/2025 17:00,101,25
6/13/2025 18:00,101,27
6/13/2025 19:00,101,23
6/13/2025 20:00,101,26
6/13/2025 21:00,101,12
6/13/2025 22:00,101,12
6/13/2025 23:00,101,15
6/14/2025 0:00,101,10
6/14/2025 1:00,101,10
6/14/2025 2:00,101,11
6/14/2025 3:00,101,9
6/14/2025 4:00,101,10
6/14/2025 5:00,101,8
6/14/2025 6:00,101,23
6/14/2025 7:00,101,22
6/14/2025 8:00,101,22
6/14/2025 9:00,101,23
6/14/2025 10:00,101,13
6/14/2025 11:00,101,19
6/14/2025 12:00,101,13
6/14/2025 13:00,101,12
6/14/2025 14:00,101,17
6/14/2025 15:00,101,16
6/14/2025 16:00,101,16
6/14/2025 17:00,101,23
6/14/2025 18:00,101,22
6/14/2025 19:00,101,20
6/14/2025 20:00,101,22
6/14/2025 21:00,101,10
6/14/2025 22:00,101,13
6/14/2025 23:00,101,11
6/15/2025 0:00,101,7
6/15/2025 1:00,101,8
6/15/2025 2:00,101,9
6/15/2025 3:00,101,7
6/15/2025 4:00,101,7
6/15/2025 5:00,101,9
6/15/2025 6:00,101,22
6/15/2025 7:00,101,21
6/15/2025 8:00,101,21
6/15/2025 9:00,101,22
6/15/2025 10:00,101,12
6/15/2025 11:00,101,12
6/15/2025 12:00,101,13
6/15/2025 13:00,101,14
6/15/2025 14:00,101,15
6/15/2025 15:00,101,18
6/15/2025 16:00,101,17
6/15/2025 17:00,101,22
6/15/2025 18:00,101,22
6/15/2025 19:00,101,20
6/15/2025 20:00,101,22
6/15/2025 21:00,101,11
6/15/2025 22:00,101,12
6/15/2025 23:00,101,10
6/16/2025 0:00,101,11
6/16/2025 1:00,101,13
6/16/2025 2:00,101,9
6/16/2025 3:00,101,10
6/16/2025 4:00,101,11
6/16/2025 5:00,101,9
6/16/2025 6:00,101,25
6/16/2025 7:00,101,25
6/16/2025 8:00,101,25
6/16/2025 9:00,101,23
6/16/2025 10:00,101,17
6/16/2025 11:00,101,17
6/16/2025 12:00,101,19
6/16/2025 13:00,101,18
6/16/2025 14:00,101,21
6/16/2025 15:00,101,15
6/16/2025 16:00,101,18
6/16/2025 17:00,101,25
6/16/2025 18:00,101,29
6/16/2025 19:00,101,23
6/16/2025 20:00,101,23
6/16/2025 21:00,101,11
6/16/2025 22:00,101,8
6/16/2025 23:00,101,11
6/17/2025 0:00,101,8
6/17/2025 1:00,101,10
6/17/2025 2:00,101,10
6/17/2025 3:00,101,13
6/17/2025 4:00,101,11
6/17/2025 5:00,101,8
6/17/2025 6:00,101,23
6/17/2025 7:00,101,25
6/17/2025 8:00,101,22
6/17/2025 9:00,101,28
6/17/2025 10:00,101,19
6/17/2025 11:00,101,16
6/17/2025 12:00,101,13
6/17/2025 13:00,101,19
6/17/2025 14:00,101,16
6/17/2025 15:00,101,19
6/17/2025 16:00,101,13
6/17/2025 17:00,101,23
6/17/2025 18:00,101,25
6/17/2025 19:00,101,25
6/17/2025 20:00,101,24
6/17/2025 21:00,101,14
6/17/2025 22:00,101,10
6/17/2025 23:00,101,12
6/18/2025 0:00,101,10
6/18/2025 1:00,101,11
6/18/2025 2:00,101,11
6/18/2025 3:00,101,7
6/18/2025 4:00,101,6
6/18/2025 5:00,101,12
6/18/2025 6:00,101,25
6/18/2025 7:00,101,23
6/18/2025 8:00,101,28
6/18/2025 9:00,101,25
6/18/2025 10:00,101,19
6/18/2025 11:00,101,17
6/18/2025 12:00,101,21
6/18/2025 13:00,101,20
6/18/2025 14:00,101,16
6/18/2025 15:00,101,18
6/18/2025 16:00,101,18
6/18/2025 17:00,101,27
6/18/2025 18:00,101,23
6/18/2025 19:00,101,26
6/18/2025 20:00,101,27
6/18/2025 21:00,101,9
6/18/2025 22:00,101,10
6/18/2025 23:00,101,8
6/19/2025 0:00,101,9
6/19/2025 1:00,101,11
6/19/2025 2:00,101,13
6/19/2025 3:00,101,10
6/19/2025 4:00,101,13
6/19/2025 5:00,101,7
6/19/2025 6:00,101,21
6/19/2025 7:00,101,24
6/19/2025 8:00,101,25
6/19/2025 9:00,101,24
6/19/2025 10:00,101,12
6/19/2025 11:00,101,16
6/19/2025 12:00,101,14
6/19/2025 13:00,101,18
6/19/2025 14:00,101,17
6/19/2025 15:00,101,15
6/19/2025 16:00,101,15
6/19/2025 17:00,101,22
6/19/2025 18:00,101,24
6/19/2025 19:00,101,26
6/19/2025 20:00,101,23
6/19/2025 21:00,101,14
6/19/2025 22:00,101,11
6/19/2025 23:00,101,11
6/20/2025 0:00,101,9
6/20/2025 1:00,101,7
6/20/2025 2:00,101,8
6/20/2025 3:00,101,7
6/20/2025 4:00,101,13
6/20/2025 5:00,101,10
6/20/2025 6:00,101,23
6/20/2025 7:00,101,25
6/20/2025 8:00,101,24
6/20/2025 9:00,101,24
6/20/2025 10:00,101,18
6/20/2025 11:00,101,18
6/20/2025 12:00,101,15
6/20/2025 13:00,101,15
6/20/2025 14:00,101,16
6/20/2025 15:00,101,12
6/20/2025 16:00,101,13
6/20/2025 17:00,101,27
6/20/2025 18:00,101,28
6/20/2025 19:00,101,24
6/20/2025 20:00,101,26
6/20/2025 21:00,101,13
6/20/2025 22:00,101,19
6/20/2025 23:00,101,15
6/21/2025 0:00,101,8
6/21/2025 1:00,101,7
6/21/2025 2:00,101,5
6/21/2025 3:00,101,9
6/21/2025 4:00,101,7
6/21/2025 5:00,101,6
6/21/2025 6:00,101,21
6/21/2025 7:00,101,20
6/21/2025 8:00,101,25
6/21/2025 9:00,101,24
6/21/2025 10:00,101,15
6/21/2025 11:00,101,18
6/21/2025 12:00,101,15
6/21/2025 13:00,101,13
6/21/2025 14:00,101,18
6/21/2025 15:00,101,16
6/21/2025 16:00,101,13
6/21/2025 17:00,101,22
6/21/2025 18:00,101,20
6/21/2025 19:00,101,19
6/21/2025 20:00,101,24
6/21/2025 21:00,101,15
6/21/2025 22:00,101,8
6/21/2025 23:00,101,12
6/22/2025 0:00,101,7
6/22/2025 1:00,101,8
6/22/2025 2:00,101,7
6/22/2025 3:00,101,7
6/22/2025 4:00,101,9
6/22/2025 5:00,101,7
6/22/2025 6:00,101,23
6/22/2025 7:00,101,22
6/22/2025 8:00,101,22
6/22/2025 9:00,101,20
6/22/2025 10:00,101,14
6/22/2025 11:00,101,16
6/22/2025 12:00,101,16
6/22/2025 13:00,101,13
6/22/2025 14:00,101,15
6/22/2025 15:00,101,16
6/22/2025 16:00,101,11
6/22/2025 17:00,101,23
6/22/2025 18:00,101,21
6/22/2025 19:00,101,23
6/22/2025 20:00,101,20
6/22/2025 21:00,101,8
6/22/2025 22:00,101,8
6/22/2025 23:00,101,11
6/23/2025 0:00,101,10
6/23/2025 1:00,101,8
6/23/2025 2:00,101,11
6/23/2025 3:00,101,6
6/23/2025 4:00,101,9
6/23/2025 5:00,101,7
6/23/2025 6:00,101,23
6/23/2025 7:00,101,25
6/23/2025 8:00,101,23
6/23/2025 9:00,101,24
6/23/2025 10:00,101,19
6/23/2025 11:00,101,15
6/23/2025 12:00,101,18
6/23/2025 13:00,101,14
6/23/2025 14:00,101,18
6/23/2025 15:00,101,19
6/23/2025 16:00,101,12
6/23/2025 17:00,101,23
6/23/2025 18:00,101,26
6/23/2025 19:00,101,24
6/23/2025 20:00,101,25
6/23/2025 21:00,101,11
6/23/2025 22:00,101,13
6/23/2025 23:00,101,12
6/24/2025 0:00,101,12
6/24/2025 1:00,101,10
6/24/2025 2:00,101,10
6/24/2025 3:00,101,9
6/24/2025 4:00,101,9
6/24/2025 5:00,101,9
6/24/2025 6:00,101,25
6/24/2025 7:00,101,24
6/24/2025 8:00,101,25
6/24/2025 9:00,101,29
6/24/2025 10:00,101,18
6/24/2025 11:00,101,16
6/24/2025 12:00,101,19
6/24/2025 13:00,101,16
6/24/2025 14:00,101,12
6/24/2025 15:00,101,14
6/24/2025 16:00,101,13
6/24/2025 17:00,101,24
6/24/2025 18:00,101,25
6/24/2025 19:00,101,28
6/24/2025 20:00,101,25
6/24/2025 21:00,101,12
6/24/2025 22:00,101,14
6/24/2025 23:00,101,8
6/25/2025 0:00,101,10
6/25/2025 1:00,101,11
6/25/2025 2:00,101,7
6/25/2025 3:00,101,12
6/25/2025 4:00,101,10
6/25/2025 5:00,101,9
6/25/2025 6:00,101,26
6/25/2025 7:00,101,29
6/25/2025 8:00,101,25
6/25/2025 9:00,101,25
6/25/2025 10:00,101,16
6/25/2025 11:00,101,15
6/25/2025 12:00,101,18
6/25/2025 13:00,101,15
6/25/2025 14:00,101,17
6/25/2025 15:00,101,16
6/25/2025 16:00,101,17
6/25/2025 17:00,101,25
6/25/2025 18:00,101,27
6/25/2025 19:00,101,23
6/25/2025 20:00,101,24
6/25/2025 21:00,101,11
6/25/2025 22:00,101,12
6/25/2025 23:00,101,13
6/26/2025 0:00,101,11
6/26/2025 1:00,101,8
6/26/2025 2:00,101,11
6/26/2025 3:00,101,12
6/26/2025 4:00,101,10
6/26/2025 5:00,101,13
6/26/2025 6:00,101,23
6/26/2025 7:00,101,22
6/26/2025 8:00,101,21
6/26/2025 9:00,101,27
6/26/2025 10:00,101,18
6/26/2025 11:00,101,16
6/26/2025 12:00,101,17
6/26/2025 13:00,101,14
6/26/2025 14:00,101,21
6/26/2025 15:00,101,17
6/26/2025 16:00,101,17
6/26/2025 17:00,101,26
6/26/2025 18:00,101,25
6/26/2025 19:00,101,25
6/26/2025 20:00,101,23
6/26/2025 21:00,101,13
6/26/2025 22:00,101,16
6/26/2025 23:00,101,15
6/27/2025 0:00,101,13
6/27/2025 1:00,101,8
6/27/2025 2:00,101,8
6/27/2025 3:00,101,9
6/27/2025 4:00,101,10
6/27/2025 5:00,101,12
6/27/2025 6:00,101,21
6/27/2025 7:00,101,28
6/27/2025 8:00,101,24
6/27/2025 9:00,101,24
6/27/2025 10:00,101,14
6/27/2025 11:00,101,13
6/27/2025 12:00,101,18
6/27/2025 13:00,101,17
6/27/2025 14:00,101,14
6/27/2025 15:00,101,14
6/27/2025 16:00,101,16
6/27/2025 17:00,101,28
6/27/2025 18:00,101,24
6/27/2025 19:00,101,21
6/27/2025 20:00,101,24
6/27/2025 21:00,101,12
6/27/2025 22:00,101,7
6/27/2025 23:00,101,12
6/28/2025 0:00,101,8
6/28/2025 1:00,101,10
6/28/2025 2:00,101,12
6/28/2025 3:00,101,11
6/28/2025 4:00,101,8
6/28/2025 5:00,101,6
6/28/2025 6:00,101,27
6/28/2025 7:00,101,22
6/28/2025 8:00,101,22
6/28/2025 9:00,101,22
6/28/2025 10:00,101,15
6/28/2025 11:00,101,15
6/28/2025 12:00,101,14
6/28/2025 13:00,101,14
6/28/2025 14:00,101,15
6/28/2025 15:00,101,14
6/28/2025 16:00,101,13
6/28/2025 17:00,101,22
6/28/2025 18:00,101,21
6/28/2025 19:00,101,25
6/28/2025 20:00,101,17
6/28/2025 21:00,101,13
6/28/2025 22:00,101,14
6/28/2025 23:00,101,7
6/29/2025 0:00,101,8
6/29/2025 1:00,101,8
6/29/2025 2:00,101,6
6/29/2025 3:00,101,7
6/29/2025 4:00,101,6
6/29/2025 5:00,101,12
6/29/2025 6:00,101,24
6/29/2025 7:00,101,25
6/29/2025 8:00,101,23
6/29/2025 9:00,101,20
6/29/2025 10:00,101,14
6/29/2025 11:00,101,16
6/29/2025 12:00,101,12
6/29/2025 13:00,101,16
6/29/2025 14:00,101,14
6/29/2025 15:00,101,14
6/29/2025 16:00,101,16
6/29/2025 17:00,101,23
6/29/2025 18:00,101,21
6/29/2025 19:00,101,24
6/29/2025 20:00,101,20
6/29/2025 21:00,101,12
6/29/2025 22:00,101,12
6/29/2025 23:00,101,11
6/30/2025 0:00,101,10
6/30/2025 1:00,101,7
6/30/2025 2:00,101,11
6/30/2025 3:00,101,9
6/30/2025 4:00,101,8
6/30/2025 5:00,101,12
6/30/2025 6:00,101,23
6/30/2025 7:00,101,22
6/30/2025 8:00,101,21
6/30/2025 9:00,101,26
6/30/2025 10:00,101,14
6/30/2025 11:00,101,20
6/30/2025 12:00,101,12
6/30/2025 13:00,101,20
6/30/2025 14:00,101,17
6/30/2025 15:00,101,16
6/30/2025 16:00,101,15
6/30/2025 17:00,101,25
6/30/2025 18:00,101,24
6/30/2025 19:00,101,27
6/30/2025 20:00,101,25
6/30/2025 21:00,101,13
6/30/2025 22:00,101,12
6/30/2025 23:00,101,12
7/1/2025 0:00,101,10
7/1/2025 1:00,101,6
7/1/2025 2:00,101,7
7/1/2025 3:00,101,11
7/1/2025 4:00,101,10
7/1/2025 5:00,101,9
7/1/2025 6:00,101,25
7/1/2025 7:00,101,25
7/1/2025 8:00,101,23
7/1/2025 9:00,101,23
7/1/2025 10:00,101,17
7/1/2025 11:00,101,15
7/1/2025 12:00,101,17
7/1/2025 13:00,101,13
7/1/2025 14:00,101,19
7/1/2025 15:00,101,17
7/1/2025 16:00,101,17
7/1/2025 17:00,101,26
7/1/2025 18:00,101,28
7/1/2025 19:00,101,27
7/1/2025 20:00,101,21
7/1/2025 21:00,101,10
7/1/2025 22:00,101,11
7/1/2025 23:00,101,13
7/2/2025 0:00,101,11
7/2/2025 1:00,101,8
7/2/2025 2:00,101,10
7/2/2025 3:00,101,8
7/2/2025 4:00,101,8
7/2/2025 5:00,101,7
7/2/2025 6:00,101,23
7/2/2025 7:00,101,22
7/2/2025 8:00,101,23
7/2/2025 9:00,101,27
7/2/2025 10:00,101,15
7/2/2025 11:00,101,22
7/2/2025 12:00,101,17
7/2/2025 13:00,101,17
7/2/2025 14:00,101,15
7/2/2025 15:00,101,18
7/2/2025 16:00,101,15
7/2/2025 17:00,101,25
7/2/2025 18:00,101,30
7/2/2025 19:00,101,24
7/2/2025 20:00,101,27
7/2/2025 21:00,101,11
7/2/2025 22:00,101,12
7/2/2025 23:00,101,16
7/3/2025 0:00,101,8
7/3/2025 1:00,101,13
7/3/2025 2:00,101,11
7/3/2025 3:00,101,8
7/3/2025 4:00,101,11
7/3/2025 5:00,101,11
7/3/2025 6:00,101,26
7/3/2025 7:00,101,21
7/3/2025 8:00,101,23
7/3/2025 9:00,101,24
7/3/2025 10:00,101,16
7/3/2025 11:00,101,18
7/3/2025 12:00,101,17
7/3/2025 13:00,101,14
7/3/2025 14:00,101,17
7/3/2025 15:00,101,18
7/3/2025 16:00,101,18
7/3/2025 17:00,101,27
7/3/2025 18:00,101,26
7/3/2025 19:00,101,25
7/3/2025 20:00,101,24
7/3/2025 21:00,101,9
7/3/2025 22:00,101,13
7/3/2025 23:00,101,13
7/4/2025 0:00,101,10
7/4/2025 1:00,101,7
7/4/2025 2:00,101,7
7/4/2025 3:00,101,12
7/4/2025 4:00,101,9
7/4/2025 5:00,101,11
7/4/2025 6:00,101,25
7/4/2025 7:00,101,25
7/4/2025 8:00,101,26
7/4/2025 9:00,101,23
7/4/2025 10:00,101,17
7/4/2025 11:00,101,16
7/4/2025 12:00,101,16
7/4/2025 13:00,101,16
7/4/2025 14:00,101,17
7/4/2025 15:00,101,16
7/4/2025 16:00,101,19
7/4/2025 17:00,101,23
7/4/2025 18:00,101,24
7/4/2025 19:00,101,24
7/4/2025 20:00,101,27
7/4/2025 21:00,101,13
7/4/2025 22:00,101,15
7/4/2025 23:00,101,10
7/5/2025 0:00,101,9
7/5/2025 1:00,101,10
7/5/2025 2:00,101,9
7/5/2025 3:00,101,11
7/5/2025 4:00,101,7
7/5/2025 5:00,101,11
7/5/2025 6:00,101,27
7/5/2025 7:00,101,21
7/5/2025 8:00,101,21
7/5/2025 9:00,101,25
7/5/2025 10:00,101,18
7/5/2025 11:00,101,14
7/5/2025 12:00,101,14
7/5/2025 13:00,101,14
7/5/2025 14:00,101,12
7/5/2025 15:00,101,13
7/5/2025 16:00,101,13
7/5/2025 17:00,101,20
7/5/2025 18:00,101,22
7/5/2025 19:00,101,22
7/5/2025 20:00,101,25
7/5/2025 21:00,101,9
7/5/2025 22:00,101,13
7/5/2025 23:00,101,11
7/6/2025 0:00,101,8
7/6/2025 1:00,101,10
7/6/2025 2:00,101,6
7/6/2025 3:00,101,9
7/6/2025 4:00,101,9
7/6/2025 5:00,101,9
7/6/2025 6:00,101,23
7/6/2025 7:00,101,27
7/6/2025 8:00,101,21
7/6/2025 9:00,101,21
7/6/2025 10:00,101,14
7/6/2025 11:00,101,14
7/6/2025 12:00,101,14
7/6/2025 13:00,101,17
7/6/2025 14:00,101,18
7/6/2025 15:00,101,14
7/6/2025 16:00,101,13
7/6/2025 17:00,101,23
7/6/2025 18:00,101,21
7/6/2025 19:00,101,23
7/6/2025 20:00,101,22
7/6/2025 21:00,101,8
7/6/2025 22:00,101,14
7/6/2025 23:00,101,15
7/7/2025 0:00,101,8
7/7/2025 1:00,101,9
7/7/2025 2:00,101,10
7/7/2025 3:00,101,10
7/7/2025 4:00,101,11
7/7/2025 5:00,101,14
7/7/2025 6:00,101,24
7/7/2025 7:00,101,23
7/7/2025 8:00,101,22
7/7/2025 9:00,101,23
7/7/2025 10:00,101,16
7/7/2025 11:00,101,20
7/7/2025 12:00,101,15
7/7/2025 13:00,101,17
7/7/2025 14:00,101,16
7/7/2025 15:00,101,19
7/7/2025 16:00,101,22
7/7/2025 17:00,101,23
7/7/2025 18:00,101,24
7/7/2025 19:00,101,27
7/7/2025 20:00,101,26
7/7/2025 21:00,101,16
7/7/2025 22:00,101,14
7/7/2025 23:00,101,12
7/8/2025 0:00,101,11
7/8/2025 1:00,101,12
7/8/2025 2:00,101,11
7/8/2025 3:00,101,11
7/8/2025 4:00,101,12
7/8/2025 5:00,101,12
7/8/2025 6:00,101,27
7/8/2025 7:00,101,26
7/8/2025 8:00,101,24
7/8/2025 9:00,101,25
7/8/2025 10:00,101,19
7/8/2025 11:00,101,15
7/8/2025 12:00,101,17
7/8/2025 13:00,101,16
7/8/2025 14:00,101,17
7/8/2025 15:00,101,19
7/8/2025 16:00,101,17
7/8/2025 17:00,101,25
7/8/2025 18:00,101,22
7/8/2025 19:00,101,26
7/8/2025 20:00,101,26
7/8/2025 21:00,101,17
7/8/2025 22:00,101,12
7/8/2025 23:00,101,13
7/9/2025 0:00,101,10
7/9/2025 1:00,101,13
7/9/2025 2:00,101,9
7/9/2025 3:00,101,10
7/9/2025 4:00,101,11
7/9/2025 5:00,101,10
7/9/2025 6:00,101,24
7/9/2025 7:00,101,25
7/9/2025 8:00,101,27
7/9/2025 9:00,101,22
7/9/2025 10:00,101,17
7/9/2025 11:00,101,15
7/9/2025 12:00,101,19
7/9/2025 13:00,101,13
7/9/2025 14:00,101,15
7/9/2025 15:00,101,17
7/9/2025 16:00,101,20
7/9/2025 17:00,101,24
7/9/2025 18:00,101,23
7/9/2025 19:00,101,28
7/9/2025 20:00,101,22
7/9/2025 21:00,101,8
7/9/2025 22:00,101,13
7/9/2025 23:00,101,11
7/10/2025 0:00,101,7
7/10/2025 1:00,101,11
7/10/2025 2:00,101,10
7/10/2025 3:00,101,8
7/10/2025 4:00,101,7
7/10/2025 5:00,101,11
7/10/2025 6:00,101,26
7/10/2025 7:00,101,24
7/10/2025 8:00,101,28
7/10/2025 9:00,101,22
7/10/2025 10:00,101,13
7/10/2025 11:00,101,15
7/10/2025 12:00,101,16
7/10/2025 13:00,101,17
7/10/2025 14:00,101,16
7/10/2025 15:00,101,17
7/10/2025 16:00,101,14
7/10/2025 17:00,101,27
7/10/2025 18:00,101,24
7/10/2025 19:00,101,27
7/10/2025 20:00,101,25
7/10/2025 21:00,101,13
7/10/2025 22:00,101,14
7/10/2025 23:00,101,13
7/11/2025 0:00,101,11
7/11/2025 1:00,101,12
7/11/2025 2:00,101,10
7/11/2025 3:00,101,11
7/11/2025 4:00,101,9
7/11/2025 5:00,101,12
7/11/2025 6:00,101,23
7/11/2025 7:00,101,28
7/11/2025 8:00,101,24
7/11/2025 9:00,101,22
7/11/2025 10:00,101,17
7/11/2025 11:00,101,15
7/11/2025 12:00,101,18
7/11/2025 13:00,101,15
7/11/2025 14:00,101,16
7/11/2025 15:00,101,13
7/11/2025 16:00,101,16
7/11/2025 17:00,101,20
7/11/2025 18:00,101,21
7/11/2025 19:00,101,26
7/11/2025 20:00,101,26
7/11/2025 21:00,101,13
7/11/2025 22:00,101,11
7/11/2025 23:00,101,12
7/12/2025 0:00,101,8
7/12/2025 1:00,101,6
7/12/2025 2:00,101,12
7/12/2025 3:00,101,10
7/12/2025 4:00,101,8
7/12/2025 5:00,101,9
7/12/2025 6:00,101,22
7/12/2025 7:00,101,18
7/12/2025 8:00,101,22
7/12/2025 9:00,101,21
7/12/2025 10:00,101,13
7/12/2025 11:00,101,14
7/12/2025 12:00,101,18
7/12/2025 13:00,101,16
7/12/2025 14:00,101,14
7/12/2025 15:00,101,16
7/12/2025 16:00,101,18
7/12/2025 17:00,101,24
7/12/2025 18:00,101,22
7/12/2025 19:00,101,21
7/12/2025 20:00,101,23
7/12/2025 21:00,101,12
7/12/2025 22:00,101,13
7/12/2025 23:00,101,12
7/13/2025 0:00,101,11
7/13/2025 1:00,101,7
7/13/2025 2:00,101,11
7/13/2025 3:00,101,9
7/13/2025 4:00,101,13
7/13/2025 5:00,101,7
7/13/2025 6:00,101,25
7/13/2025 7:00,101,22
7/13/2025 8:00,101,21
7/13/2025 9:00,101,21
7/13/2025 10:00,101,14
7/13/2025 11:00,101,16
7/13/2025 12:00,101,16
7/13/2025 13:00,101,14
7/13/2025 14:00,101,15
7/13/2025 15:00,101,19
7/13/2025 16:00,101,18
7/13/2025 17:00,101,23
7/13/2025 18:00,101,22
7/13/2025 19:00,101,22
7/13/2025 20:00,101,23
7/13/2025 21:00,101,9
7/13/2025 22:00,101,11
7/13/2025 23:00,101,8
7/14/2025 0:00,101,10
7/14/2025 1:00,101,11
7/14/2025 2:00,101,9
7/14/2025 3:00,101,13
7/14/2025 4:00,101,7
7/14/2025 5:00,101,7
7/14/2025 6:00,101,25
7/14/2025 7:00,101,27
7/14/2025 8:00,101,28
7/14/2025 9:00,101,24
7/14/2025 10:00,101,19
7/14/2025 11:00,101,16
7/14/2025 12:00,101,16
7/14/2025 13:00,101,18
7/14/2025 14:00,101,18
7/14/2025 15:00,101,13
7/14/2025 16:00,101,19
7/14/2025 17:00,101,27
7/14/2025 18:00,101,23
7/14/2025 19:00,101,25
7/14/2025 20:00,101,25
7/14/2025 21:00,101,13
7/14/2025 22:00,101,11
7/14/2025 23:00,101,11
7/15/2025 0:00,101,9
7/15/2025 1:00,101,12
7/15/2025 2:00,101,11
7/15/2025 3:00,101,9
7/15/2025 4:00,101,11
7/15/2025 5:00,101,4
7/15/2025 6:00,101,27
7/15/2025 7:00,101,21
7/15/2025 8:00,101,24
7/15/2025 9:00,101,22
7/15/2025 10:00,101,14
7/15/2025 11:00,101,19
7/15/2025 12:00,101,16
7/15/2025 13:00,101,17
7/15/2025 14:00,101,16
7/15/2025 15:00,101,17
7/15/2025 16:00,101,17
7/15/2025 17:00,101,22
7/15/2025 18:00,101,26
7/15/2025 19:00,101,24
7/15/2025 20:00,101,21
7/15/2025 21:00,101,12
7/15/2025 22:00,101,16
7/15/2025 23:00,101,14
7/16/2025 0:00,101,9
7/16/2025 1:00,101,9
7/16/2025 2:00,101,9
7/16/2025 3:00,101,14
7/16/2025 4:00,101,10
7/16/2025 5:00,101,10
7/16/2025 6:00,101,27
7/16/2025 7:00,101,25
7/16/2025 8:00,101,24
7/16/2025 9:00,101,24
7/16/2025 10:00,101,16
7/16/2025 11:00,101,16
7/16/2025 12:00,101,18
7/16/2025 13:00,101,17
7/16/2025 14:00,101,18
7/16/2025 15:00,101,16
7/16/2025 16:00,101,17
7/16/2025 17:00,101,21
7/16/2025 18:00,101,26
7/16/2025 19:00,101,25
7/16/2025 20:00,101,26
7/16/2025 21:00,101,7
7/16/2025 22:00,101,17
7/16/2025 23:00,101,12
7/17/2025 0:00,101,12
7/17/2025 1:00,101,7
7/17/2025 2:00,101,11
7/17/2025 3:00,101,7
7/17/2025 4:00,101,8
7/17/2025 5:00,101,13
7/17/2025 6:00,101,24
7/17/2025 7:00,101,25
7/17/2025 8:00,101,26
7/17/2025 9:00,101,25
7/17/2025 10:00,101,17
7/17/2025 11:00,101,17
7/17/2025 12:00,101,21
7/17/2025 13:00,101,16
7/17/2025 14:00,101,17
7/17/2025 15:00,101,19
7/17/2025 16:00,101,19
7/17/2025 17:00,101,27
7/17/2025 18:00,101,26
7/17/2025 19:00,101,22
7/17/2025 20:00,101,28
7/17/2025 21:00,101,10
7/17/2025 22:00,101,13
7/17/2025 23:00,101,11
7/18/2025 0:00,101,9
7/18/2025 1:00,101,10
7/18/2025 2:00,101,10
7/18/2025 3:00,101,10
7/18/2025 4:00,101,13
7/18/2025 5:00,101,10
7/18/2025 6:00,101,24
7/18/2025 7:00,101,26
7/18/2025 8:00,101,27
7/18/2025 9:00,101,22
7/18/2025 10:00,101,18
7/18/2025 11:00,101,18
7/18/2025 12:00,101,16
7/18/2025 13:00,101,19
7/18/2025 14:00,101,16
7/18/2025 15:00,101,17
7/18/2025 16:00,101,16
7/18/2025 17:00,101,25
7/18/2025 18:00,101,22
7/18/2025 19:00,101,22
7/18/2025 20:00,101,28
7/18/2025 21:00,101,11
7/18/2025 22:00,101,11
7/18/2025 23:00,101,8
7/19/2025 0:00,101,7
7/19/2025 1:00,101,6
7/19/2025 2:00,101,12
7/19/2025 3:00,101,11
7/19/2025 4:00,101,7
7/19/2025 5:00,101,13
7/19/2025 6:00,101,24
7/19/2025 7:00,101,21
7/19/2025 8:00,101,17
7/19/2025 9:00,101,27
7/19/2025 10:00,101,12
7/19/2025 11:00,101,12
7/19/2025 12:00,101,17
7/19/2025 13:00,101,20
7/19/2025 14:00,101,18
7/19/2025 15:00,101,16
7/19/2025 16:00,101,16
7/19/2025 17:00,101,24
7/19/2025 18:00,101,24
7/19/2025 19:00,101,23
7/19/2025 20:00,101,22
7/19/2025 21:00,101,11
7/19/2025 22:00,101,10
7/19/2025 23:00,101,11
7/20/2025 0:00,101,5
7/20/2025 1:00,101,8
7/20/2025 2:00,101,7
7/20/2025 3:00,101,6
7/20/2025 4:00,101,9
7/20/2025 5:00,101,11
7/20/2025 6:00,101,24
7/20/2025 7:00,101,19
7/20/2025 8:00,101,20
7/20/2025 9:00,101,24
7/20/2025 10:00,101,13
7/20/2025 11:00,101,14
7/20/2025 12:00,101,16
7/20/2025 13:00,101,13
7/20/2025 14:00,101,15
7/20/2025 15:00,101,12
7/20/2025 16:00,101,14
7/20/2025 17:00,101,23
7/20/2025 18:00,101,19
7/20/2025 19:00,101,23
7/20/2025 20:00,101,22
7/20/2025 21:00,101,12
7/20/2025 22:00,101,12
7/20/2025 23:00,101,14
7/21/2025 0:00,101,10
7/21/2025 1:00,101,9
7/21/2025 2:00,101,10
7/21/2025 3:00,101,11
7/21/2025 4:00,101,10
7/21/2025 5:00,101,10
7/21/2025 6:00,101,23
7/21/2025 7:00,101,23
7/21/2025 8:00,101,22
7/21/2025 9:00,101,28
7/21/2025 10:00,101,14
7/21/2025 11:00,101,15
7/21/2025 12:00,101,15
7/21/2025 13:00,101,18
7/21/2025 14:00,101,16
7/21/2025 15:00,101,19
7/21/2025 16:00,101,15
7/21/2025 17:00,101,25
7/21/2025 18:00,101,23
7/21/2025 19:00,101,29
7/21/2025 20:00,101,22
7/21/2025 21:00,101,13
7/21/2025 22:00,101,14
7/21/2025 23:00,101,13
7/22/2025 0:00,101,9
7/22/2025 1:00,101,9
7/22/2025 2:00,101,10
7/22/2025 3:00,101,9
7/22/2025 4:00,101,11
7/22/2025 5:00,101,14
7/22/2025 6:00,101,23
7/22/2025 7:00,101,22
7/22/2025 8:00,101,24
7/22/2025 9:00,101,30
7/22/2025 10:00,101,15
7/22/2025 11:00,101,20
7/22/2025 12:00,101,20
7/22/2025 13:00,101,15
7/22/2025 14:00,101,18
7/22/2025 15:00,101,20
7/22/2025 16:00,101,16
7/22/2025 17:00,101,24
7/22/2025 18:00,101,23
7/22/2025 19:00,101,22
7/22/2025 20:00,101,23
7/22/2025 21:00,101,10
7/22/2025 22:00,101,13
7/22/2025 23:00,101,11
7/23/2025 0:00,101,10
7/23/2025 1:00,101,6
7/23/2025 2:00,101,10
7/23/2025 3:00,101,11
7/23/2025 4:00,101,6
7/23/2025 5:00,101,10
7/23/2025 6:00,101,27
7/23/2025 7:00,101,22
7/23/2025 8:00,101,28
7/23/2025 9:00,101,25
7/23/2025 10:00,101,15
7/23/2025 11:00,101,16
7/23/2025 12:00,101,18
7/23/2025 13:00,101,17
7/23/2025 14:00,101,18
7/23/2025 15:00,101,15
7/23/2025 16:00,101,17
7/23/2025 17:00,101,22
7/23/2025 18:00,101,24
7/23/2025 19:00,101,23
7/23/2025 20:00,101,23
7/23/2025 21:00,101,15
7/23/2025 22:00,101,15
7/23/2025 23:00,101,14
7/24/2025 0:00,101,7
7/24/2025 1:00,101,9
7/24/2025 2:00,101,12
7/24/2025 3:00,101,10
7/24/2025 4:00,101,14
7/24/2025 5:00,101,10
7/24/2025 6:00,101,25
7/24/2025 7:00,101,24
7/24/2025 8:00,101,25
7/24/2025 9:00,101,24
7/24/2025 10:00,101,18
7/24/2025 11:00,101,18
7/24/2025 12:00,101,15
7/24/2025 13:00,101,14
7/24/2025 14:00,101,13
7/24/2025 15:00,101,18
7/24/2025 16:00,101,14
7/24/2025 17:00,101,20
7/24/2025 18:00,101,25
7/24/2025 19:00,101,29
7/24/2025 20:00,101,24
7/24/2025 21:00,101,14
7/24/2025 22:00,101,13
7/24/2025 23:00,101,12
7/25/2025 0:00,101,11
7/25/2025 1:00,101,9
7/25/2025 2:00,101,10
7/25/2025 3:00,101,10
7/25/2025 4:00,101,8
7/25/2025 5:00,101,11
7/25/2025 6:00,101,24
7/25/2025 7:00,101,23
7/25/2025 8:00,101,26
7/25/2025 9:00,101,23
7/25/2025 10:00,101,17
7/25/2025 11:00,101,16
7/25/2025 12:00,101,19
7/25/2025 13:00,101,17
7/25/2025 14:00,101,16
7/25/2025 15:00,101,18
7/25/2025 16:00,101,19
7/25/2025 17:00,101,26
7/25/2025 18:00,101,25
7/25/2025 19:00,101,22
7/25/2025 20:00,101,22
7/25/2025 21:00,101,12
7/25/2025 22:00,101,11
7/25/2025 23:00,101,12
7/26/2025 0:00,101,9
7/26/2025 1:00,101,10
7/26/2025 2:00,101,8
7/26/2025 3:00,101,9
7/26/2025 4:00,101,9
7/26/2025 5:00,101,5
7/26/2025 6:00,101,20
7/26/2025 7:00,101,22
7/26/2025 8:00,101,20
7/26/2025 9:00,101,23
7/26/2025 10:00,101,18
7/26/2025 11:00,101,17
7/26/2025 12:00,101,14
7/26/2025 13:00,101,18
7/26/2025 14:00,101,15
7/26/2025 15:00,101,14
7/26/2025 16:00,101,14
7/26/2025 17:00,101,21
7/26/2025 18:00,101,21
7/26/2025 19:00,101,22
7/26/2025 20:00,101,22
7/26/2025 21:00,101,11
7/26/2025 22:00,101,12
7/26/2025 23:00,101,14
7/27/2025 0:00,101,10
7/27/2025 1:00,101,6
7/27/2025 2:00,101,3
7/27/2025 3:00,101,10
7/27/2025 4:00,101,6
7/27/2025 5:00,101,8
7/27/2025 6:00,101,20
7/27/2025 7:00,101,18
7/27/2025 8:00,101,23
7/27/2025 9:00,101,24
7/27/2025 10:00,101,14
7/27/2025 11:00,101,10
7/27/2025 12:00,101,14
7/27/2025 13:00,101,16
7/27/2025 14:00,101,12
7/27/2025 15:00,101,15
7/27/2025 16:00,101,15
7/27/2025 17:00,101,23
7/27/2025 18:00,101,22
7/27/2025 19:00,101,20
7/27/2025 20:00,101,24
7/27/2025 21:00,101,11
7/27/2025 22:00,101,11
7/27/2025 23:00,101,9
7/28/2025 0:00,101,9
7/28/2025 1:00,101,8
7/28/2025 2:00,101,9
7/28/2025 3:00,101,13
7/28/2025 4:00,101,7
7/28/2025 5:00,101,6
7/28/2025 6:00,101,27
7/28/2025 7:00,101,24
7/28/2025 8:00,101,23
7/28/2025 9:00,101,27
7/28/2025 10:00,101,15
7/28/2025 11:00,101,20
7/28/2025 12:00,101,18
7/28/2025 13:00,101,16
7/28/2025 14:00,101,21
7/28/2025 15:00,101,15
7/28/2025 16:00,101,18
7/28/2025 17:00,101,25
7/28/2025 18:00,101,27
7/28/2025 19:00,101,28
7/28/2025 20:00,101,25
7/28/2025 21:00,101,11
7/28/2025 22:00,101,13
7/28/2025 23:00,101,11
7/29/2025 0:00,101,14
7/29/2025 1:00,101,10
7/29/2025 2:00,101,9
7/29/2025 3:00,101,10
7/29/2025 4:00,101,7
7/29/2025 5:00,101,8
7/29/2025 6:00,101,27
7/29/2025 7:00,101,23
7/29/2025 8:00,101,22
7/29/2025 9:00,101,26
7/29/2025 10:00,101,19
7/29/2025 11:00,101,18
7/29/2025 12:00,101,18
7/29/2025 13:00,101,15
7/29/2025 14:00,101,14
7/29/2025 15:00,101,20
7/29/2025 16:00,101,16
7/29/2025 17:00,101,24
7/29/2025 18:00,101,27
7/29/2025 19:00,101,26
7/29/2025 20:00,101,25
7/29/2025 21:00,101,17
7/29/2025 22:00,101,11
7/29/2025 23:00,101,14
7/30/2025 0:00,101,10
6/1/2025 0:00,102,7
6/1/2025 1:00,102,10
6/1/2025 2:00,102,8
6/1/2025 3:00,102,8
6/1/2025 4:00,102,9
6/1/2025 5:00,102,6
6/1/2025 6:00,102,19
6/1/2025 7:00,102,18
6/1/2025 8:00,102,16
6/1/2025 9:00,102,24
6/1/2025 10:00,102,11
6/1/2025 11:00,102,13
6/1/2025 12:00,102,12
6/1/2025 13:00,102,14
6/1/2025 14:00,102,15
6/1/2025 15:00,102,15
6/1/2025 16:00,102,12
6/1/2025 17:00,102,20
6/1/2025 18:00,102,21
6/1/2025 19:00,102,20
6/1/2025 20:00,102,23
6/1/2025 21:00,102,10
6/1/2025 22:00,102,11
6/1/2025 23:00,102,11
6/2/2025 0:00,102,10
6/2/2025 1:00,102,8
6/2/2025 2:00,102,5
6/2/2025 3:00,102,8
6/2/2025 4:00,102,6
6/2/2025 5:00,102,6
6/2/2025 6:00,102,24
6/2/2025 7:00,102,25
6/2/2025 8:00,102,23
6/2/2025 9:00,102,23
6/2/2025 10:00,102,18
6/2/2025 11:00,102,15
6/2/2025 12:00,102,20
6/2/2025 13:00,102,16
6/2/2025 14:00,102,11
6/2/2025 15:00,102,16
6/2/2025 16:00,102,15
6/2/2025 17:00,102,25
6/2/2025 18:00,102,24
6/2/2025 19:00,102,22
6/2/2025 20:00,102,20
6/2/2025 21:00,102,10
6/2/2025 22:00,102,9
6/2/2025 23:00,102,9
6/3/2025 0:00,102,9
6/3/2025 1:00,102,11
6/3/2025 2:00,102,8
6/3/2025 3:00,102,5
6/3/2025 4:00,102,8
6/3/2025 5:00,102,10
6/3/2025 6:00,102,21
6/3/2025 7:00,102,22
6/3/2025 8:00,102,23
6/3/2025 9:00,102,21
6/3/2025 10:00,102,16
6/3/2025 11:00,102,14
6/3/2025 12:00,102,15
6/3/2025 13:00,102,13
6/3/2025 14:00,102,14
6/3/2025 15:00,102,16
6/3/2025 16:00,102,14
6/3/2025 17:00,102,26
6/3/2025 18:00,102,22
6/3/2025 19:00,102,23
6/3/2025 20:00,102,24
6/3/2025 21:00,102,8
6/3/2025 22:00,102,7
6/3/2025 23:00,102,7
6/4/2025 0:00,102,10
6/4/2025 1:00,102,6
6/4/2025 2:00,102,13
6/4/2025 3:00,102,6
6/4/2025 4:00,102,8
6/4/2025 5:00,102,11
6/4/2025 6:00,102,27
6/4/2025 7:00,102,27
6/4/2025 8:00,102,25
6/4/2025 9:00,102,25
6/4/2025 10:00,102,16
6/4/2025 11:00,102,16
6/4/2025 12:00,102,13
6/4/2025 13:00,102,13
6/4/2025 14:00,102,14
6/4/2025 15:00,102,14
6/4/2025 16:00,102,14
6/4/2025 17:00,102,24
6/4/2025 18:00,102,24
6/4/2025 19:00,102,23
6/4/2025 20:00,102,25
6/4/2025 21:00,102,8
6/4/2025 22:00,102,10
6/4/2025 23:00,102,9
6/5/2025 0:00,102,4
6/5/2025 1:00,102,7
6/5/2025 2:00,102,7
6/5/2025 3:00,102,11
6/5/2025 4:00,102,9
6/5/2025 5:00,102,5
6/5/2025 6:00,102,26
6/5/2025 7:00,102,25
6/5/2025 8:00,102,24
6/5/2025 9:00,102,22
6/5/2025 10:00,102,13
6/5/2025 11:00,102,14
6/5/2025 12:00,102,17
6/5/2025 13:00,102,18
6/5/2025 14:00,102,18
6/5/2025 15:00,102,14
6/5/2025 16:00,102,12
6/5/2025 17:00,102,23
6/5/2025 18:00,102,19
6/5/2025 19:00,102,23
6/5/2025 20:00,102,22
6/5/2025 21:00,102,10
6/5/2025 22:00,102,7
6/5/2025 23:00,102,12
6/6/2025 0:00,102,6
6/6/2025 1:00,102,5
6/6/2025 2:00,102,2
6/6/2025 3:00,102,7
6/6/2025 4:00,102,11
6/6/2025 5:00,102,11
6/6/2025 6:00,102,22
6/6/2025 7:00,102,21
6/6/2025 8:00,102,23
6/6/2025 9:00,102,21
6/6/2025 10:00,102,15
6/6/2025 11:00,102,16
6/6/2025 12:00,102,17
6/6/2025 13:00,102,14
6/6/2025 14:00,102,14
6/6/2025 15:00,102,13
6/6/2025 16:00,102,13
6/6/2025 17:00,102,22
6/6/2025 18:00,102,23
6/6/2025 19:00,102,24
6/6/2025 20:00,102,21
6/6/2025 21:00,102,13
6/6/2025 22:00,102,10
6/6/2025 23:00,102,10
6/7/2025 0:00,102,5
6/7/2025 1:00,102,2
6/7/2025 2:00,102,8
6/7/2025 3:00,102,8
6/7/2025 4:00,102,6
6/7/2025 5:00,102,7
6/7/2025 6:00,102,21
6/7/2025 7:00,102,17
6/7/2025 8:00,102,19
6/7/2025 9:00,102,22
6/7/2025 10:00,102,10
6/7/2025 11:00,102,14
6/7/2025 12:00,102,10
6/7/2025 13:00,102,14
6/7/2025 14:00,102,13
6/7/2025 15:00,102,10
6/7/2025 16:00,102,15
6/7/2025 17:00,102,19
6/7/2025 18:00,102,19
6/7/2025 19:00,102,21
6/7/2025 20:00,102,22
6/7/2025 21:00,102,7
6/7/2025 22:00,102,10
6/7/2025 23:00,102,10
6/8/2025 0:00,102,8
6/8/2025 1:00,102,7
6/8/2025 2:00,102,6
6/8/2025 3:00,102,5
6/8/2025 4:00,102,7
6/8/2025 5:00,102,5
6/8/2025 6:00,102,14
6/8/2025 7:00,102,21
6/8/2025 8:00,102,22
6/8/2025 9:00,102,15
6/8/2025 10:00,102,11
6/8/2025 11:00,102,14
6/8/2025 12:00,102,17
6/8/2025 13:00,102,13
6/8/2025 14:00,102,12
6/8/2025 15:00,102,13
6/8/2025 16:00,102,16
6/8/2025 17:00,102,19
6/8/2025 18:00,102,19
6/8/2025 19:00,102,19
6/8/2025 20:00,102,18
6/8/2025 21:00,102,10
6/8/2025 22:00,102,13
6/8/2025 23:00,102,10
6/9/2025 0:00,102,7
6/9/2025 1:00,102,7
6/9/2025 2:00,102,4
6/9/2025 3:00,102,9
6/9/2025 4:00,102,7
6/9/2025 5:00,102,7
6/9/2025 6:00,102,29
6/9/2025 7:00,102,23
6/9/2025 8:00,102,21
6/9/2025 9:00,102,22
6/9/2025 10:00,102,17
6/9/2025 11:00,102,15
6/9/2025 12:00,102,12
6/9/2025 13:00,102,16
6/9/2025 14:00,102,13
6/9/2025 15:00,102,18
6/9/2025 16:00,102,17
6/9/2025 17:00,102,22
6/9/2025 18:00,102,25
6/9/2025 19:00,102,23
6/9/2025 20:00,102,24
6/9/2025 21:00,102,11
6/9/2025 22:00,102,9
6/9/2025 23:00,102,9
6/10/2025 0:00,102,10
6/10/2025 1:00,102,7
6/10/2025 2:00,102,7
6/10/2025 3:00,102,6
6/10/2025 4:00,102,8
6/10/2025 5:00,102,12
6/10/2025 6:00,102,20
6/10/2025 7:00,102,23
6/10/2025 8:00,102,25
6/10/2025 9:00,102,22
6/10/2025 10:00,102,15
6/10/2025 11:00,102,12
6/10/2025 12:00,102,15
6/10/2025 13:00,102,14
6/10/2025 14:00,102,16
6/10/2025 15:00,102,17
6/10/2025 16:00,102,20
6/10/2025 17:00,102,24
6/10/2025 18:00,102,23
6/10/2025 19:00,102,23
6/10/2025 20:00,102,22
6/10/2025 21:00,102,11
6/10/2025 22:00,102,10
6/10/2025 23:00,102,11
6/11/2025 0:00,102,10
6/11/2025 1:00,102,5
6/11/2025 2:00,102,10
6/11/2025 3:00,102,10
6/11/2025 4:00,102,7
6/11/2025 5:00,102,3
6/11/2025 6:00,102,21
6/11/2025 7:00,102,25
6/11/2025 8:00,102,22
6/11/2025 9:00,102,21
6/11/2025 10:00,102,13
6/11/2025 11:00,102,16
6/11/2025 12:00,102,16
6/11/2025 13:00,102,14
6/11/2025 14:00,102,14
6/11/2025 15:00,102,14
6/11/2025 16:00,102,13
6/11/2025 17:00,102,26
6/11/2025 18:00,102,22
6/11/2025 19:00,102,25
6/11/2025 20:00,102,26
6/11/2025 21:00,102,12
6/11/2025 22:00,102,10
6/11/2025 23:00,102,11
6/12/2025 0:00,102,7
6/12/2025 1:00,102,6
6/12/2025 2:00,102,8
6/12/2025 3:00,102,5
6/12/2025 4:00,102,10
6/12/2025 5:00,102,7
6/12/2025 6:00,102,23
6/12/2025 7:00,102,23
6/12/2025 8:00,102,22
6/12/2025 9:00,102,24
6/12/2025 10:00,102,14
6/12/2025 11:00,102,16
6/12/2025 12:00,102,12
6/12/2025 13:00,102,15
6/12/2025 14:00,102,18
6/12/2025 15:00,102,12
6/12/2025 16:00,102,13
6/12/2025 17:00,102,24
6/12/2025 18:00,102,23
6/12/2025 19:00,102,23
6/12/2025 20:00,102,23
6/12/2025 21:00,102,12
6/12/2025 22:00,102,13
6/12/2025 23:00,102,11
6/13/2025 0:00,102,7
6/13/2025 1:00,102,9
6/13/2025 2:00,102,11
6/13/2025 3:00,102,7
6/13/2025 4:00,102,6
6/13/2025 5:00,102,10
6/13/2025 6:00,102,22
6/13/2025 7:00,102,18
6/13/2025 8:00,102,24
6/13/2025 9:00,102,21
6/13/2025 10:00,102,14
6/13/2025 11:00,102,15
6/13/2025 12:00,102,15
6/13/2025 13:00,102,16
6/13/2025 14:00,102,14
6/13/2025 15:00,102,16
6/13/2025 16:00,102,14
6/13/2025 17:00,102,24
6/13/2025 18:00,102,24
6/13/2025 19:00,102,21
6/13/2025 20:00,102,25
6/13/2025 21:00,102,9
6/13/2025 22:00,102,12
6/13/2025 23:00,102,11
6/14/2025 0:00,102,10
6/14/2025 1:00,102,6
6/14/2025 2:00,102,6
6/14/2025 3:00,102,7
6/14/2025 4:00,102,6
6/14/2025 5:00,102,8
6/14/2025 6:00,102,17
6/14/2025 7:00,102,18
6/14/2025 8:00,102,18
6/14/2025 9:00,102,22
6/14/2025 10:00,102,16
6/14/2025 11:00,102,13
6/14/2025 12:00,102,13
6/14/2025 13:00,102,13
6/14/2025 14:00,102,15
6/14/2025 15:00,102,11
6/14/2025 16:00,102,13
6/14/2025 17:00,102,22
6/14/2025 18:00,102,21
6/14/2025 19:00,102,21
6/14/2025 20:00,102,22
6/14/2025 21:00,102,4
6/14/2025 22:00,102,11
6/14/2025 23:00,102,8
6/15/2025 0:00,102,3
6/15/2025 1:00,102,8
6/15/2025 2:00,102,9
6/15/2025 3:00,102,6
6/15/2025 4:00,102,9
6/15/2025 5:00,102,10
6/15/2025 6:00,102,23
6/15/2025 7:00,102,23
6/15/2025 8:00,102,22
6/15/2025 9:00,102,20
6/15/2025 10:00,102,10
6/15/2025 11:00,102,13
6/15/2025 12:00,102,11
6/15/2025 13:00,102,17
6/15/2025 14:00,102,13
6/15/2025 15:00,102,13
6/15/2025 16:00,102,14
6/15/2025 17:00,102,20
6/15/2025 18:00,102,24
6/15/2025 19:00,102,19
6/15/2025 20:00,102,21
6/15/2025 21:00,102,8
6/15/2025 22:00,102,7
6/15/2025 23:00,102,8
6/16/2025 0:00,102,7
6/16/2025 1:00,102,7
6/16/2025 2:00,102,6
6/16/2025 3:00,102,5
6/16/2025 4:00,102,7
6/16/2025 5:00,102,4
6/16/2025 6:00,102,24
6/16/2025 7:00,102,23
6/16/2025 8:00,102,20
6/16/2025 9:00,102,22
6/16/2025 10:00,102,13
6/16/2025 11:00,102,15
6/16/2025 12:00,102,17
6/16/2025 13:00,102,11
6/16/2025 14:00,102,15
6/16/2025 15:00,102,14
6/16/2025 16:00,102,16
6/16/2025 17:00,102,23
6/16/2025 18:00,102,21
6/16/2025 19:00,102,22
6/16/2025 20:00,102,21
6/16/2025 21:00,102,13
6/16/2025 22:00,102,11
6/16/2025 23:00,102,14
6/17/2025 0:00,102,7
6/17/2025 1:00,102,6
6/17/2025 2:00,102,4
6/17/2025 3:00,102,4
6/17/2025 4:00,102,4
6/17/2025 5:00,102,8
6/17/2025 6:00,102,24
6/17/2025 7:00,102,19
6/17/2025 8:00,102,24
6/17/2025 9:00,102,22
6/17/2025 10:00,102,15
6/17/2025 11:00,102,18
6/17/2025 12:00,102,16
6/17/2025 13:00,102,14
6/17/2025 14:00,102,13
6/17/2025 15:00,102,10
6/17/2025 16:00,102,13
6/17/2025 17:00,102,22
6/17/2025 18:00,102,21
6/17/2025 19:00,102,22
6/17/2025 20:00,102,23
6/17/2025 21:00,102,10
6/17/2025 22:00,102,9
6/17/2025 23:00,102,11
6/18/2025 0:00,102,8
6/18/2025 1:00,102,5
6/18/2025 2:00,102,10
6/18/2025 3:00,102,7
6/18/2025 4:00,102,8
6/18/2025 5:00,102,9
6/18/2025 6:00,102,23
6/18/2025 7:00,102,24
6/18/2025 8:00,102,23
6/18/2025 9:00,102,21
6/18/2025 10:00,102,15
6/18/2025 11:00,102,12
6/18/2025 12:00,102,15
6/18/2025 13:00,102,14
6/18/2025 14:00,102,14
6/18/2025 15:00,102,14
6/18/2025 16:00,102,11
6/18/2025 17:00,102,21
6/18/2025 18:00,102,23
6/18/2025 19:00,102,23
6/18/2025 20:00,102,20
6/18/2025 21:00,102,13
6/18/2025 22:00,102,9
6/18/2025 23:00,102,12
6/19/2025 0:00,102,8
6/19/2025 1:00,102,6
6/19/2025 2:00,102,11
6/19/2025 3:00,102,5
6/19/2025 4:00,102,9
6/19/2025 5:00,102,10
6/19/2025 6:00,102,21
6/19/2025 7:00,102,25
6/19/2025 8:00,102,22
6/19/2025 9:00,102,23
6/19/2025 10:00,102,15
6/19/2025 11:00,102,14
6/19/2025 12:00,102,16
6/19/2025 13:00,102,16
6/19/2025 14:00,102,11
6/19/2025 15:00,102,17
6/19/2025 16:00,102,11
6/19/2025 17:00,102,25
6/19/2025 18:00,102,25
6/19/2025 19:00,102,20
6/19/2025 20:00,102,22
6/19/2025 21:00,102,8
6/19/2025 22:00,102,10
6/19/2025 23:00,102,10
6/20/2025 0:00,102,9
6/20/2025 1:00,102,10
6/20/2025 2:00,102,10
6/20/2025 3:00,102,6
6/20/2025 4:00,102,7
6/20/2025 5:00,102,4
6/20/2025 6:00,102,21
6/20/2025 7:00,102,24
6/20/2025 8:00,102,26
6/20/2025 9:00,102,20
6/20/2025 10:00,102,13
6/20/2025 11:00,102,14
6/20/2025 12:00,102,15
6/20/2025 13:00,102,13
6/20/2025 14:00,102,15
6/20/2025 15:00,102,14
6/20/2025 16:00,102,14
6/20/2025 17:00,102,24
6/20/2025 18:00,102,23
6/20/2025 19:00,102,22
6/20/2025 20:00,102,22
6/20/2025 21:00,102,10
6/20/2025 22:00,102,10
6/20/2025 23:00,102,10
6/21/2025 0:00,102,10
6/21/2025 1:00,102,8
6/21/2025 2:00,102,6
6/21/2025 3:00,102,8
6/21/2025 4:00,102,6
6/21/2025 5:00,102,9
6/21/2025 6:00,102,21
6/21/2025 7:00,102,20
6/21/2025 8:00,102,21
6/21/2025 9:00,102,17
6/21/2025 10:00,102,11
6/21/2025 11:00,102,11
6/21/2025 12:00,102,13
6/21/2025 13:00,102,16
6/21/2025 14:00,102,17
6/21/2025 15:00,102,14
6/21/2025 16:00,102,14
6/21/2025 17:00,102,17
6/21/2025 18:00,102,19
6/21/2025 19:00,102,19
6/21/2025 20:00,102,19
6/21/2025 21:00,102,9
6/21/2025 22:00,102,8
6/21/2025 23:00,102,5
6/22/2025 0:00,102,8
6/22/2025 1:00,102,5
6/22/2025 2:00,102,7
6/22/2025 3:00,102,11
6/22/2025 4:00,102,5
6/22/2025 5:00,102,2
6/22/2025 6:00,102,20
6/22/2025 7:00,102,22
6/22/2025 8:00,102,24
6/22/2025 9:00,102,18
6/22/2025 10:00,102,14
6/22/2025 11:00,102,12
6/22/2025 12:00,102,13
6/22/2025 13:00,102,18
6/22/2025 14:00,102,10
6/22/2025 15:00,102,14
6/22/2025 16:00,102,14
6/22/2025 17:00,102,22
6/22/2025 18:00,102,20
6/22/2025 19:00,102,21
6/22/2025 20:00,102,19
6/22/2025 21:00,102,10
6/22/2025 22:00,102,9
6/22/2025 23:00,102,11
6/23/2025 0:00,102,7
6/23/2025 1:00,102,8
6/23/2025 2:00,102,7
6/23/2025 3:00,102,10
6/23/2025 4:00,102,7
6/23/2025 5:00,102,4
6/23/2025 6:00,102,25
6/23/2025 7:00,102,21
6/23/2025 8:00,102,21
6/23/2025 9:00,102,21
6/23/2025 10:00,102,17
6/23/2025 11:00,102,10
6/23/2025 12:00,102,21
6/23/2025 13:00,102,17
6/23/2025 14:00,102,15
6/23/2025 15:00,102,14
6/23/2025 16:00,102,15
6/23/2025 17:00,102,24
6/23/2025 18:00,102,24
6/23/2025 19:00,102,24
6/23/2025 20:00,102,23
6/23/2025 21:00,102,10
6/23/2025 22:00,102,10
6/23/2025 23:00,102,10
6/24/2025 0:00,102,10
6/24/2025 1:00,102,9
6/24/2025 2:00,102,2
6/24/2025 3:00,102,9
6/24/2025 4:00,102,8
6/24/2025 5:00,102,7
6/24/2025 6:00,102,22
6/24/2025 7:00,102,25
6/24/2025 8:00,102,24
6/24/2025 9:00,102,21
6/24/2025 10:00,102,15
6/24/2025 11:00,102,13
6/24/2025 12:00,102,12
6/24/2025 13:00,102,13
6/24/2025 14:00,102,16
6/24/2025 15:00,102,16
6/24/2025 16:00,102,16
6/24/2025 17:00,102,24
6/24/2025 18:00,102,24
6/24/2025 19:00,102,21
6/24/2025 20:00,102,23
6/24/2025 21:00,102,12
6/24/2025 22:00,102,12
6/24/2025 23:00,102,13
6/25/2025 0:00,102,9
6/25/2025 1:00,102,8
6/25/2025 2:00,102,10
6/25/2025 3:00,102,7
6/25/2025 4:00,102,6
6/25/2025 5:00,102,7
6/25/2025 6:00,102,21
6/25/2025 7:00,102,21
6/25/2025 8:00,102,22
6/25/2025 9:00,102,21
6/25/2025 10:00,102,14
6/25/2025 11:00,102,11
6/25/2025 12:00,102,15
6/25/2025 13:00,102,15
6/25/2025 14:00,102,13
6/25/2025 15:00,102,16
6/25/2025 16:00,102,16
6/25/2025 17:00,102,19
6/25/2025 18:00,102,21
6/25/2025 19:00,102,21
6/25/2025 20:00,102,21
6/25/2025 21:00,102,12
6/25/2025 22:00,102,10
6/25/2025 23:00,102,10
6/26/2025 0:00,102,3
6/26/2025 1:00,102,9
6/26/2025 2:00,102,5
6/26/2025 3:00,102,8
6/26/2025 4:00,102,8
6/26/2025 5:00,102,10
6/26/2025 6:00,102,20
6/26/2025 7:00,102,16
6/26/2025 8:00,102,23
6/26/2025 9:00,102,26
6/26/2025 10:00,102,17
6/26/2025 11:00,102,15
6/26/2025 12:00,102,14
6/26/2025 13:00,102,16
6/26/2025 14:00,102,13
6/26/2025 15:00,102,15
6/26/2025 16:00,102,16
6/26/2025 17:00,102,25
6/26/2025 18:00,102,28
6/26/2025 19:00,102,23
6/26/2025 20:00,102,21
6/26/2025 21:00,102,10
6/26/2025 22:00,102,7
6/26/2025 23:00,102,9
6/27/2025 0:00,102,7
6/27/2025 1:00,102,6
6/27/2025 2:00,102,8
6/27/2025 3:00,102,6
6/27/2025 4:00,102,10
6/27/2025 5:00,102,8
6/27/2025 6:00,102,22
6/27/2025 7:00,102,22
6/27/2025 8:00,102,23
6/27/2025 9:00,102,24
6/27/2025 10:00,102,13
6/27/2025 11:00,102,13
6/27/2025 12:00,102,14
6/27/2025 13:00,102,12
6/27/2025 14:00,102,13
6/27/2025 15:00,102,14
6/27/2025 16:00,102,16
6/27/2025 17:00,102,23
6/27/2025 18:00,102,23
6/27/2025 19:00,102,24
6/27/2025 20:00,102,22
6/27/2025 21:00,102,11
6/27/2025 22:00,102,10
6/27/2025 23:00,102,11
6/28/2025 0:00,102,6
6/28/2025 1:00,102,2
6/28/2025 2:00,102,6
6/28/2025 3:00,102,10
6/28/2025 4:00,102,9
6/28/2025 5:00,102,9
6/28/2025 6:00,102,23
6/28/2025 7:00,102,20
6/28/2025 8:00,102,21
6/28/2025 9:00,102,19
6/28/2025 10:00,102,12
6/28/2025 11:00,102,14
6/28/2025 12:00,102,15
6/28/2025 13:00,102,13
6/28/2025 14:00,102,12
6/28/2025 15:00,102,13
6/28/2025 16:00,102,14
6/28/2025 17:00,102,17
6/28/2025 18:00,102,16
6/28/2025 19:00,102,19
6/28/2025 20:00,102,18
6/28/2025 21:00,102,8
6/28/2025 22:00,102,9
6/28/2025 23:00,102,8
6/29/2025 0:00,102,10
6/29/2025 1:00,102,7
6/29/2025 2:00,102,7
6/29/2025 3:00,102,8
6/29/2025 4:00,102,4
6/29/2025 5:00,102,9
6/29/2025 6:00,102,20
6/29/2025 7:00,102,22
6/29/2025 8:00,102,18
6/29/2025 9:00,102,17
6/29/2025 10:00,102,15
6/29/2025 11:00,102,14
6/29/2025 12:00,102,11
6/29/2025 13:00,102,11
6/29/2025 14:00,102,15
6/29/2025 15:00,102,11
6/29/2025 16:00,102,16
6/29/2025 17:00,102,18
6/29/2025 18:00,102,21
6/29/2025 19:00,102,20
6/29/2025 20:00,102,21
6/29/2025 21:00,102,8
6/29/2025 22:00,102,9
6/29/2025 23:00,102,9
6/30/2025 0:00,102,5
6/30/2025 1:00,102,9
6/30/2025 2:00,102,6
6/30/2025 3:00,102,7
6/30/2025 4:00,102,6
6/30/2025 5:00,102,2
6/30/2025 6:00,102,22
6/30/2025 7:00,102,27
6/30/2025 8:00,102,24
6/30/2025 9:00,102,22
6/30/2025 10:00,102,14
6/30/2025 11:00,102,15
6/30/2025 12:00,102,16
6/30/2025 13:00,102,12
6/30/2025 14:00,102,17
6/30/2025 15:00,102,16
6/30/2025 16:00,102,16
6/30/2025 17:00,102,23
6/30/2025 18:00,102,23
6/30/2025 19:00,102,24
6/30/2025 20:00,102,24
6/30/2025 21:00,102,10
6/30/2025 22:00,102,9
6/30/2025 23:00,102,11
7/1/2025 0:00,102,11
7/1/2025 1:00,102,5
7/1/2025 2:00,102,5
7/1/2025 3:00,102,8
7/1/2025 4:00,102,8
7/1/2025 5:00,102,8
7/1/2025 6:00,102,23
7/1/2025 7:00,102,22
7/1/2025 8:00,102,25
7/1/2025 9:00,102,19
7/1/2025 10:00,102,13
7/1/2025 11:00,102,14
7/1/2025 12:00,102,11
7/1/2025 13:00,102,14
7/1/2025 14:00,102,18
7/1/2025 15:00,102,15
7/1/2025 16:00,102,15
7/1/2025 17:00,102,20
7/1/2025 18:00,102,21
7/1/2025 19:00,102,22
7/1/2025 20:00,102,22
7/1/2025 21:00,102,13
7/1/2025 22:00,102,12
7/1/2025 23:00,102,8
7/2/2025 0:00,102,8
7/2/2025 1:00,102,8
7/2/2025 2:00,102,10
7/2/2025 3:00,102,11
7/2/2025 4:00,102,5
7/2/2025 5:00,102,6
7/2/2025 6:00,102,20
7/2/2025 7:00,102,22
7/2/2025 8:00,102,23
7/2/2025 9:00,102,24
7/2/2025 10:00,102,14
7/2/2025 11:00,102,14
7/2/2025 12:00,102,15
7/2/2025 13:00,102,13
7/2/2025 14:00,102,19
7/2/2025 15:00,102,11
7/2/2025 16:00,102,15
7/2/2025 17:00,102,27
7/2/2025 18:00,102,23
7/2/2025 19:00,102,22
7/2/2025 20:00,102,22
7/2/2025 21:00,102,10
7/2/2025 22:00,102,13
7/2/2025 23:00,102,6
7/3/2025 0:00,102,11
7/3/2025 1:00,102,5
7/3/2025 2:00,102,7
7/3/2025 3:00,102,7
7/3/2025 4:00,102,9
7/3/2025 5:00,102,4
7/3/2025 6:00,102,23
7/3/2025 7:00,102,27
7/3/2025 8:00,102,20
7/3/2025 9:00,102,23
7/3/2025 10:00,102,13
7/3/2025 11:00,102,15
7/3/2025 12:00,102,15
7/3/2025 13:00,102,13
7/3/2025 14:00,102,15
7/3/2025 15:00,102,18
7/3/2025 16:00,102,14
7/3/2025 17:00,102,24
7/3/2025 18:00,102,20
7/3/2025 19:00,102,21
7/3/2025 20:00,102,23
7/3/2025 21:00,102,13
7/3/2025 22:00,102,11
7/3/2025 23:00,102,10
7/4/2025 0:00,102,7
7/4/2025 1:00,102,5
7/4/2025 2:00,102,9
7/4/2025 3:00,102,9
7/4/2025 4:00,102,7
7/4/2025 5:00,102,7
7/4/2025 6:00,102,23
7/4/2025 7:00,102,22
7/4/2025 8:00,102,22
7/4/2025 9:00,102,27
7/4/2025 10:00,102,14
7/4/2025 11:00,102,14
7/4/2025 12:00,102,13
7/4/2025 13:00,102,16
7/4/2025 14:00,102,14
7/4/2025 15:00,102,13
7/4/2025 16:00,102,17
7/4/2025 17:00,102,25
7/4/2025 18:00,102,21
7/4/2025 19:00,102,19
7/4/2025 20:00,102,25
7/4/2025 21:00,102,9
7/4/2025 22:00,102,12
7/4/2025 23:00,102,7
7/5/2025 0:00,102,8
7/5/2025 1:00,102,4
7/5/2025 2:00,102,8
7/5/2025 3:00,102,7
7/5/2025 4:00,102,5
7/5/2025 5:00,102,6
7/5/2025 6:00,102,22
7/5/2025 7:00,102,20
7/5/2025 8:00,102,21
7/5/2025 9:00,102,24
7/5/2025 10:00,102,10
7/5/2025 11:00,102,16
7/5/2025 12:00,102,13
7/5/2025 13:00,102,11
7/5/2025 14:00,102,10
7/5/2025 15:00,102,13
7/5/2025 16:00,102,15
7/5/2025 17:00,102,20
7/5/2025 18:00,102,23
7/5/2025 19:00,102,17
7/5/2025 20:00,102,20
7/5/2025 21:00,102,7
7/5/2025 22:00,102,10
7/5/2025 23:00,102,11
7/6/2025 0:00,102,6
7/6/2025 1:00,102,1
7/6/2025 2:00,102,7
7/6/2025 3:00,102,8
7/6/2025 4:00,102,8
7/6/2025 5:00,102,9
7/6/2025 6:00,102,18
7/6/2025 7:00,102,22
7/6/2025 8:00,102,23
7/6/2025 9:00,102,17
7/6/2025 10:00,102,14
7/6/2025 11:00,102,12
7/6/2025 12:00,102,13
7/6/2025 13:00,102,14
7/6/2025 14:00,102,12
7/6/2025 15:00,102,12
7/6/2025 16:00,102,13
7/6/2025 17:00,102,18
7/6/2025 18:00,102,18
7/6/2025 19:00,102,22
7/6/2025 20:00,102,18
7/6/2025 21:00,102,11
7/6/2025 22:00,102,10
7/6/2025 23:00,102,6
7/7/2025 0:00,102,6
7/7/2025 1:00,102,10
7/7/2025 2:00,102,6
7/7/2025 3:00,102,7
7/7/2025 4:00,102,8
7/7/2025 5:00,102,9
7/7/2025 6:00,102,22
7/7/2025 7:00,102,21
7/7/2025 8:00,102,25
7/7/2025 9:00,102,26
7/7/2025 10:00,102,16
7/7/2025 11:00,102,15
7/7/2025 12:00,102,13
7/7/2025 13:00,102,13
7/7/2025 14:00,102,16
7/7/2025 15:00,102,15
7/7/2025 16:00,102,17
7/7/2025 17:00,102,24
7/7/2025 18:00,102,19
7/7/2025 19:00,102,25
7/7/2025 20:00,102,21
7/7/2025 21:00,102,10
7/7/2025 22:00,102,11
7/7/2025 23:00,102,14
7/8/2025 0:00,102,14
7/8/2025 1:00,102,9
7/8/2025 2:00,102,7
7/8/2025 3:00,102,9
7/8/2025 4:00,102,9
7/8/2025 5:00,102,7
7/8/2025 6:00,102,26
7/8/2025 7:00,102,23
7/8/2025 8:00,102,23
7/8/2025 9:00,102,24
7/8/2025 10:00,102,15
7/8/2025 11:00,102,16
7/8/2025 12:00,102,13
7/8/2025 13:00,102,13
7/8/2025 14:00,102,12
7/8/2025 15:00,102,15
7/8/2025 16:00,102,16
7/8/2025 17:00,102,23
7/8/2025 18:00,102,26
7/8/2025 19:00,102,22
7/8/2025 20:00,102,24
7/8/2025 21:00,102,8
7/8/2025 22:00,102,10
7/8/2025 23:00,102,12
7/9/2025 0:00,102,9
7/9/2025 1:00,102,7
7/9/2025 2:00,102,7
7/9/2025 3:00,102,4
7/9/2025 4:00,102,7
7/9/2025 5:00,102,9
7/9/2025 6:00,102,24
7/9/2025 7:00,102,24
7/9/2025 8:00,102,23
7/9/2025 9:00,102,23
7/9/2025 10:00,102,13
7/9/2025 11:00,102,16
7/9/2025 12:00,102,15
7/9/2025 13:00,102,15
7/9/2025 14:00,102,13
7/9/2025 15:00,102,10
7/9/2025 16:00,102,17
7/9/2025 17:00,102,22
7/9/2025 18:00,102,21
7/9/2025 19:00,102,24
7/9/2025 20:00,102,22
7/9/2025 21:00,102,13
7/9/2025 22:00,102,12
7/9/2025 23:00,102,12
7/10/2025 0:00,102,5
7/10/2025 1:00,102,10
7/10/2025 2:00,102,8
7/10/2025 3:00,102,7
7/10/2025 4:00,102,8
7/10/2025 5:00,102,4
7/10/2025 6:00,102,23
7/10/2025 7:00,102,20
7/10/2025 8:00,102,20
7/10/2025 9:00,102,19
7/10/2025 10:00,102,17
7/10/2025 11:00,102,13
7/10/2025 12:00,102,18
7/10/2025 13:00,102,13
7/10/2025 14:00,102,11
7/10/2025 15:00,102,12
7/10/2025 16:00,102,17
7/10/2025 17:00,102,22
7/10/2025 18:00,102,21
7/10/2025 19:00,102,23
7/10/2025 20:00,102,24
7/10/2025 21:00,102,13
7/10/2025 22:00,102,13
7/10/2025 23:00,102,10
7/11/2025 0:00,102,5
7/11/2025 1:00,102,7
7/11/2025 2:00,102,8
7/11/2025 3:00,102,6
7/11/2025 4:00,102,6
7/11/2025 5:00,102,8
7/11/2025 6:00,102,22
7/11/2025 7:00,102,23
7/11/2025 8:00,102,21
7/11/2025 9:00,102,22
7/11/2025 10:00,102,13
7/11/2025 11:00,102,16
7/11/2025 12:00,102,17
7/11/2025 13:00,102,11
7/11/2025 14:00,102,13
7/11/2025 15:00,102,12
7/11/2025 16:00,102,13
7/11/2025 17:00,102,22
7/11/2025 18:00,102,20
7/11/2025 19:00,102,21
7/11/2025 20:00,102,20
7/11/2025 21:00,102,11
7/11/2025 22:00,102,11
7/11/2025 23:00,102,9
7/12/2025 0:00,102,7
7/12/2025 1:00,102,6
7/12/2025 2:00,102,6
7/12/2025 3:00,102,10
7/12/2025 4:00,102,9
7/12/2025 5:00,102,4
7/12/2025 6:00,102,22
7/12/2025 7:00,102,22
7/12/2025 8:00,102,18
7/12/2025 9:00,102,22
7/12/2025 10:00,102,16
7/12/2025 11:00,102,11
7/12/2025 12:00,102,11
7/12/2025 13:00,102,15
7/12/2025 14:00,102,14
7/12/2025 15:00,102,14
7/12/2025 16:00,102,14
7/12/2025 17:00,102,21
7/12/2025 18:00,102,18
7/12/2025 19:00,102,22
7/12/2025 20:00,102,23
7/12/2025 21:00,102,9
7/12/2025 22:00,102,9
7/12/2025 23:00,102,6
7/13/2025 0:00,102,8
7/13/2025 1:00,102,8
7/13/2025 2:00,102,7
7/13/2025 3:00,102,9
7/13/2025 4:00,102,6
7/13/2025 5:00,102,8
7/13/2025 6:00,102,18
7/13/2025 7:00,102,20
7/13/2025 8:00,102,20
7/13/2025 9:00,102,21
7/13/2025 10:00,102,12
7/13/2025 11:00,102,13
7/13/2025 12:00,102,15
7/13/2025 13:00,102,12
7/13/2025 14:00,102,10
7/13/2025 15:00,102,16
7/13/2025 16:00,102,16
7/13/2025 17:00,102,18
7/13/2025 18:00,102,22
7/13/2025 19:00,102,19
7/13/2025 20:00,102,21
7/13/2025 21:00,102,10
7/13/2025 22:00,102,9
7/13/2025 23:00,102,8
7/14/2025 0:00,102,6
7/14/2025 1:00,102,6
7/14/2025 2:00,102,6
7/14/2025 3:00,102,7
7/14/2025 4:00,102,6
7/14/2025 5:00,102,9
7/14/2025 6:00,102,25
7/14/2025 7:00,102,21
7/14/2025 8:00,102,23
7/14/2025 9:00,102,23
7/14/2025 10:00,102,15
7/14/2025 11:00,102,15
7/14/2025 12:00,102,16
7/14/2025 13:00,102,15
7/14/2025 14:00,102,12
7/14/2025 15:00,102,16
7/14/2025 16:00,102,16
7/14/2025 17:00,102,21
7/14/2025 18:00,102,23
7/14/2025 19:00,102,24
7/14/2025 20:00,102,22
7/14/2025 21:00,102,13
7/14/2025 22:00,102,15
7/14/2025 23:00,102,9
7/15/2025 0:00,102,5
7/15/2025 1:00,102,8
7/15/2025 2:00,102,9
7/15/2025 3:00,102,7
7/15/2025 4:00,102,10
7/15/2025 5:00,102,5
7/15/2025 6:00,102,24
7/15/2025 7:00,102,21
7/15/2025 8:00,102,26
7/15/2025 9:00,102,26
7/15/2025 10:00,102,13
7/15/2025 11:00,102,13
7/15/2025 12:00,102,16
7/15/2025 13:00,102,14
7/15/2025 14:00,102,14
7/15/2025 15:00,102,15
7/15/2025 16:00,102,11
7/15/2025 17:00,102,22
7/15/2025 18:00,102,21
7/15/2025 19:00,102,22
7/15/2025 20:00,102,25
7/15/2025 21:00,102,8
7/15/2025 22:00,102,12
7/15/2025 23:00,102,10
7/16/2025 0:00,102,7
7/16/2025 1:00,102,9
7/16/2025 2:00,102,8
7/16/2025 3:00,102,9
7/16/2025 4:00,102,9
7/16/2025 5:00,102,7
7/16/2025 6:00,102,21
7/16/2025 7:00,102,20
7/16/2025 8:00,102,21
7/16/2025 9:00,102,28
7/16/2025 10:00,102,17
7/16/2025 11:00,102,12
7/16/2025 12:00,102,12
7/16/2025 13:00,102,15
7/16/2025 14:00,102,16
7/16/2025 15:00,102,16
7/16/2025 16:00,102,14
7/16/2025 17:00,102,22
7/16/2025 18:00,102,23
7/16/2025 19:00,102,23
7/16/2025 20:00,102,18
7/16/2025 21:00,102,10
7/16/2025 22:00,102,9
7/16/2025 23:00,102,11
7/17/2025 0:00,102,13
7/17/2025 1:00,102,8
7/17/2025 2:00,102,7
7/17/2025 3:00,102,9
7/17/2025 4:00,102,8
7/17/2025 5:00,102,8
7/17/2025 6:00,102,24
7/17/2025 7:00,102,27
7/17/2025 8:00,102,20
7/17/2025 9:00,102,23
7/17/2025 10:00,102,13
7/17/2025 11:00,102,16
7/17/2025 12:00,102,13
7/17/2025 13:00,102,14
7/17/2025 14:00,102,14
7/17/2025 15:00,102,16
7/17/2025 16:00,102,16
7/17/2025 17:00,102,20
7/17/2025 18:00,102,23
7/17/2025 19:00,102,21
7/17/2025 20:00,102,20
7/17/2025 21:00,102,10
7/17/2025 22:00,102,10
7/17/2025 23:00,102,15
7/18/2025 0:00,102,8
7/18/2025 1:00,102,5
7/18/2025 2:00,102,6
7/18/2025 3:00,102,10
7/18/2025 4:00,102,12
7/18/2025 5:00,102,4
7/18/2025 6:00,102,19
7/18/2025 7:00,102,26
7/18/2025 8:00,102,23
7/18/2025 9:00,102,21
7/18/2025 10:00,102,16
7/18/2025 11:00,102,9
7/18/2025 12:00,102,15
7/18/2025 13:00,102,15
7/18/2025 14:00,102,16
7/18/2025 15:00,102,12
7/18/2025 16:00,102,15
7/18/2025 17:00,102,21
7/18/2025 18:00,102,23
7/18/2025 19:00,102,21
7/18/2025 20:00,102,22
7/18/2025 21:00,102,9
7/18/2025 22:00,102,12
7/18/2025 23:00,102,12
7/19/2025 0:00,102,6
7/19/2025 1:00,102,7
7/19/2025 2:00,102,4
7/19/2025 3:00,102,6
7/19/2025 4:00,102,7
7/19/2025 5:00,102,12
7/19/2025 6:00,102,18
7/19/2025 7:00,102,23
7/19/2025 8:00,102,22
7/19/2025 9:00,102,21
7/19/2025 10:00,102,17
7/19/2025 11:00,102,14
7/19/2025 12:00,102,14
7/19/2025 13:00,102,13
7/19/2025 14:00,102,15
7/19/2025 15:00,102,15
7/19/2025 16:00,102,12
7/19/2025 17:00,102,18
7/19/2025 18:00,102,20
7/19/2025 19:00,102,19
7/19/2025 20:00,102,20
7/19/2025 21:00,102,12
7/19/2025 22:00,102,8
7/19/2025 23:00,102,9
7/20/2025 0:00,102,7
7/20/2025 1:00,102,8
7/20/2025 2:00,102,2
7/20/2025 3:00,102,5
7/20/2025 4:00,102,7
7/20/2025 5:00,102,9
7/20/2025 6:00,102,19
7/20/2025 7:00,102,16
7/20/2025 8:00,102,21
7/20/2025 9:00,102,19
7/20/2025 10:00,102,11
7/20/2025 11:00,102,12
7/20/2025 12:00,102,13
7/20/2025 13:00,102,12
7/20/2025 14:00,102,9
7/20/2025 15:00,102,15
7/20/2025 16:00,102,16
7/20/2025 17:00,102,22
7/20/2025 18:00,102,18
7/20/2025 19:00,102,20
7/20/2025 20:00,102,20
7/20/2025 21:00,102,11
7/20/2025 22:00,102,11
7/20/2025 23:00,102,8
7/21/2025 0:00,102,8
7/21/2025 1:00,102,8
7/21/2025 2:00,102,10
7/21/2025 3:00,102,9
7/21/2025 4:00,102,9
7/21/2025 5:00,102,8
7/21/2025 6:00,102,25
7/21/2025 7:00,102,23
7/21/2025 8:00,102,21
7/21/2025 9:00,102,25
7/21/2025 10:00,102,16
7/21/2025 11:00,102,14
7/21/2025 12:00,102,14
7/21/2025 13:00,102,15
7/21/2025 14:00,102,15
7/21/2025 15:00,102,15
7/21/2025 16:00,102,15
7/21/2025 17:00,102,26
7/21/2025 18:00,102,25
7/21/2025 19:00,102,23
7/21/2025 20:00,102,24
7/21/2025 21:00,102,8
7/21/2025 22:00,102,11
7/21/2025 23:00,102,14
7/22/2025 0:00,102,7
7/22/2025 1:00,102,6
7/22/2025 2:00,102,6
7/22/2025 3:00,102,5
7/22/2025 4:00,102,6
7/22/2025 5:00,102,7
7/22/2025 6:00,102,20
7/22/2025 7:00,102,23
7/22/2025 8:00,102,24
7/22/2025 9:00,102,21
7/22/2025 10:00,102,18
7/22/2025 11:00,102,16
7/22/2025 12:00,102,17
7/22/2025 13:00,102,13
7/22/2025 14:00,102,16
7/22/2025 15:00,102,12
7/22/2025 16:00,102,16
7/22/2025 17:00,102,23
7/22/2025 18:00,102,24
7/22/2025 19:00,102,20
7/22/2025 20:00,102,21
7/22/2025 21:00,102,12
7/22/2025 22:00,102,9
7/22/2025 23:00,102,11
7/23/2025 0:00,102,5
7/23/2025 1:00,102,9
7/23/2025 2:00,102,5
7/23/2025 3:00,102,9
7/23/2025 4:00,102,9
7/23/2025 5:00,102,6
7/23/2025 6:00,102,24
7/23/2025 7:00,102,23
7/23/2025 8:00,102,21
7/23/2025 9:00,102,20
7/23/2025 10:00,102,11
7/23/2025 11:00,102,15
7/23/2025 12:00,102,11
7/23/2025 13:00,102,15
7/23/2025 14:00,102,14
7/23/2025 15:00,102,16
7/23/2025 16:00,102,14
7/23/2025 17:00,102,22
7/23/2025 18:00,102,24
7/23/2025 19:00,102,23
7/23/2025 20:00,102,23
7/23/2025 21:00,102,11
7/23/2025 22:00,102,7
7/23/2025 23:00,102,12
7/24/2025 0:00,102,9
7/24/2025 1:00,102,5
7/24/2025 2:00,102,7
7/24/2025 3:00,102,7
7/24/2025 4:00,102,7
7/24/2025 5:00,102,8
7/24/2025 6:00,102,25
7/24/2025 7:00,102,25
7/24/2025 8:00,102,20
7/24/2025 9:00,102,24
7/24/2025 10:00,102,17
7/24/2025 11:00,102,15
7/24/2025 12:00,102,17
7/24/2025 13:00,102,19
7/24/2025 14:00,102,17
7/24/2025 15:00,102,15
7/24/2025 16:00,102,17
7/24/2025 17:00,102,23
7/24/2025 18:00,102,23
7/24/2025 19:00,102,22
7/24/2025 20:00,102,26
7/24/2025 21:00,102,9
7/24/2025 22:00,102,14
7/24/2025 23:00,102,11
7/25/2025 0:00,102,5
7/25/2025 1:00,102,8
7/25/2025 2:00,102,3
7/25/2025 3:00,102,9
7/25/2025 4:00,102,9
7/25/2025 5:00,102,6
7/25/2025 6:00,102,23
7/25/2025 7:00,102,26
7/25/2025 8:00,102,21
7/25/2025 9:00,102,20
7/25/2025 10:00,102,17
7/25/2025 11:00,102,18
7/25/2025 12:00,102,15
7/25/2025 13:00,102,17
7/25/2025 14:00,102,17
7/25/2025 15:00,102,13
7/25/2025 16:00,102,14
7/25/2025 17:00,102,25
7/25/2025 18:00,102,26
7/25/2025 19:00,102,24
7/25/2025 20:00,102,21
7/25/2025 21:00,102,14
7/25/2025 22:00,102,9
7/25/2025 23:00,102,10
7/26/2025 0:00,102,7
7/26/2025 1:00,102,10
7/26/2025 2:00,102,8
7/26/2025 3:00,102,8
7/26/2025 4:00,102,8
7/26/2025 5:00,102,7
7/26/2025 6:00,102,21
7/26/2025 7:00,102,15
7/26/2025 8:00,102,20
7/26/2025 9:00,102,21
7/26/2025 10:00,102,11
7/26/2025 11:00,102,14
7/26/2025 12:00,102,13
7/26/2025 13:00,102,17
7/26/2025 14:00,102,16
7/26/2025 15:00,102,12
7/26/2025 16:00,102,13
7/26/2025 17:00,102,20
7/26/2025 18:00,102,19
7/26/2025 19:00,102,21
7/26/2025 20:00,102,19
7/26/2025 21:00,102,7
7/26/2025 22:00,102,11
7/26/2025 23:00,102,11
7/27/2025 0:00,102,5
7/27/2025 1:00,102,8
7/27/2025 2:00,102,5
7/27/2025 3:00,102,7
7/27/2025 4:00,102,8
7/27/2025 5:00,102,7
7/27/2025 6:00,102,21
7/27/2025 7:00,102,19
7/27/2025 8:00,102,20
7/27/2025 9:00,102,20
7/27/2025 10:00,102,12
7/27/2025 11:00,102,13
7/27/2025 12:00,102,10
7/27/2025 13:00,102,12
7/27/2025 14:00,102,12
7/27/2025 15:00,102,12
7/27/2025 16:00,102,13
7/27/2025 17:00,102,20
7/27/2025 18:00,102,21
7/27/2025 19:00,102,22
7/27/2025 20:00,102,19
7/27/2025 21:00,102,7
7/27/2025 22:00,102,7
7/27/2025 23:00,102,8
7/28/2025 0:00,102,7
7/28/2025 1:00,102,6
7/28/2025 2:00,102,5
7/28/2025 3:00,102,7
7/28/2025 4:00,102,8
7/28/2025 5:00,102,9
7/28/2025 6:00,102,21
7/28/2025 7:00,102,22
7/28/2025 8:00,102,21
7/28/2025 9:00,102,22
7/28/2025 10:00,102,13
7/28/2025 11:00,102,16
7/28/2025 12:00,102,11
7/28/2025 13:00,102,14
7/28/2025 14:00,102,15
7/28/2025 15:00,102,15
7/28/2025 16:00,102,20
7/28/2025 17:00,102,23
7/28/2025 18:00,102,20
7/28/2025 19:00,102,22
7/28/2025 20:00,102,19
7/28/2025 21:00,102,10
7/28/2025 22:00,102,9
7/28/2025 23:00,102,12
7/29/2025 0:00,102,6
7/29/2025 1:00,102,7
7/29/2025 2:00,102,6
7/29/2025 3:00,102,11
7/29/2025 4:00,102,7
7/29/2025 5:00,102,11
7/29/2025 6:00,102,24
7/29/2025 7:00,102,23
7/29/2025 8:00,102,23
7/29/2025 9:00,102,23
7/29/2025 10:00,102,11
7/29/2025 11:00,102,14
7/29/2025 12:00,102,16
7/29/2025 13:00,102,14
7/29/2025 14:00,102,12
7/29/2025 15:00,102,14
7/29/2025 16:00,102,18
7/29/2025 17:00,102,25
7/29/2025 18:00,102,22
7/29/2025 19:00,102,24
7/29/2025 20:00,102,22
7/29/2025 21:00,102,7
7/29/2025 22:00,102,9
7/29/2025 23:00,102,14
7/30/2025 0:00,102,7
6/1/2025 0:00,103,4
6/1/2025 1:00,103,4
6/1/2025 2:00,103,9
6/1/2025 3:00,103,8
6/1/2025 4:00,103,9
6/1/2025 5:00,103,5
6/1/2025 6:00,103,19
6/1/2025 7:00,103,15
6/1/2025 8:00,103,21
6/1/2025 9:00,103,16
6/1/2025 10:00,103,12
6/1/2025 11:00,103,9
6/1/2025 12:00,103,10
6/1/2025 13:00,103,10
6/1/2025 14:00,103,10
6/1/2025 15:00,103,10
6/1/2025 16:00,103,10
6/1/2025 17:00,103,20
6/1/2025 18:00,103,16
6/1/2025 19:00,103,19
6/1/2025 20:00,103,21
6/1/2025 21:00,103,7
6/1/2025 22:00,103,6
6/1/2025 23:00,103,7
6/2/2025 0:00,103,8
6/2/2025 1:00,103,6
6/2/2025 2:00,103,4
6/2/2025 3:00,103,6
6/2/2025 4:00,103,3
6/2/2025 5:00,103,7
6/2/2025 6:00,103,21
6/2/2025 7:00,103,20
6/2/2025 8:00,103,19
6/2/2025 9:00,103,19
6/2/2025 10:00,103,14
6/2/2025 11:00,103,15
6/2/2025 12:00,103,11
6/2/2025 13:00,103,13
6/2/2025 14:00,103,8
6/2/2025 15:00,103,11
6/2/2025 16:00,103,12
6/2/2025 17:00,103,19
6/2/2025 18:00,103,19
6/2/2025 19:00,103,19
6/2/2025 20:00,103,21
6/2/2025 21:00,103,8
6/2/2025 22:00,103,4
6/2/2025 23:00,103,4
6/3/2025 0:00,103,4
6/3/2025 1:00,103,6
6/3/2025 2:00,103,0
6/3/2025 3:00,103,5
6/3/2025 4:00,103,4
6/3/2025 5:00,103,8
6/3/2025 6:00,103,20
6/3/2025 7:00,103,21
6/3/2025 8:00,103,21
6/3/2025 9:00,103,16
6/3/2025 10:00,103,14
6/3/2025 11:00,103,13
6/3/2025 12:00,103,14
6/3/2025 13:00,103,20
6/3/2025 14:00,103,8
6/3/2025 15:00,103,16
6/3/2025 16:00,103,12
6/3/2025 17:00,103,21
6/3/2025 18:00,103,20
6/3/2025 19:00,103,20
6/3/2025 20:00,103,19
6/3/2025 21:00,103,9
6/3/2025 22:00,103,5
6/3/2025 23:00,103,10
6/4/2025 0:00,103,5
6/4/2025 1:00,103,3
6/4/2025 2:00,103,5
6/4/2025 3:00,103,8
6/4/2025 4:00,103,4
6/4/2025 5:00,103,6
6/4/2025 6:00,103,19
6/4/2025 7:00,103,22
6/4/2025 8:00,103,22
6/4/2025 9:00,103,24
6/4/2025 10:00,103,12
6/4/2025 11:00,103,14
6/4/2025 12:00,103,13
6/4/2025 13:00,103,15
6/4/2025 14:00,103,11
6/4/2025 15:00,103,14
6/4/2025 16:00,103,12
6/4/2025 17:00,103,20
6/4/2025 18:00,103,21
6/4/2025 19:00,103,21
6/4/2025 20:00,103,20
6/4/2025 21:00,103,9
6/4/2025 22:00,103,12
6/4/2025 23:00,103,10
6/5/2025 0:00,103,7
6/5/2025 1:00,103,5
6/5/2025 2:00,103,4
6/5/2025 3:00,103,7
6/5/2025 4:00,103,7
6/5/2025 5:00,103,8
6/5/2025 6:00,103,19
6/5/2025 7:00,103,20
6/5/2025 8:00,103,17
6/5/2025 9:00,103,20
6/5/2025 10:00,103,14
6/5/2025 11:00,103,12
6/5/2025 12:00,103,14
6/5/2025 13:00,103,12
6/5/2025 14:00,103,13
6/5/2025 15:00,103,10
6/5/2025 16:00,103,13
6/5/2025 17:00,103,15
6/5/2025 18:00,103,20
6/5/2025 19:00,103,17
6/5/2025 20:00,103,23
6/5/2025 21:00,103,10
6/5/2025 22:00,103,9
6/5/2025 23:00,103,12
6/6/2025 0:00,103,4
6/6/2025 1:00,103,9
6/6/2025 2:00,103,7
6/6/2025 3:00,103,5
6/6/2025 4:00,103,8
6/6/2025 5:00,103,3
6/6/2025 6:00,103,19
6/6/2025 7:00,103,19
6/6/2025 8:00,103,19
6/6/2025 9:00,103,18
6/6/2025 10:00,103,15
6/6/2025 11:00,103,12
6/6/2025 12:00,103,13
6/6/2025 13:00,103,11
6/6/2025 14:00,103,9
6/6/2025 15:00,103,13
6/6/2025 16:00,103,9
6/6/2025 17:00,103,20
6/6/2025 18:00,103,18
6/6/2025 19:00,103,24
6/6/2025 20:00,103,22
6/6/2025 21:00,103,9
6/6/2025 22:00,103,11
6/6/2025 23:00,103,7
6/7/2025 0:00,103,6
6/7/2025 1:00,103,5
6/7/2025 2:00,103,5
6/7/2025 3:00,103,7
6/7/2025 4:00,103,6
6/7/2025 5:00,103,5
6/7/2025 6:00,103,15
6/7/2025 7:00,103,16
6/7/2025 8:00,103,18
6/7/2025 9:00,103,19
6/7/2025 10:00,103,9
6/7/2025 11:00,103,16
6/7/2025 12:00,103,14
6/7/2025 13:00,103,12
6/7/2025 14:00,103,11
6/7/2025 15:00,103,11
6/7/2025 16:00,103,9
6/7/2025 17:00,103,19
6/7/2025 18:00,103,19
6/7/2025 19:00,103,16
6/7/2025 20:00,103,19
6/7/2025 21:00,103,7
6/7/2025 22:00,103,4
6/7/2025 23:00,103,6
6/8/2025 0:00,103,4
6/8/2025 1:00,103,9
6/8/2025 2:00,103,6
6/8/2025 3:00,103,2
6/8/2025 4:00,103,6
6/8/2025 5:00,103,2
6/8/2025 6:00,103,21
6/8/2025 7:00,103,17
6/8/2025 8:00,103,18
6/8/2025 9:00,103,21
6/8/2025 10:00,103,9
6/8/2025 11:00,103,8
6/8/2025 12:00,103,10
6/8/2025 13:00,103,13
6/8/2025 14:00,103,8
6/8/2025 15:00,103,6
6/8/2025 16:00,103,10
6/8/2025 17:00,103,20
6/8/2025 18:00,103,21
6/8/2025 19:00,103,17
6/8/2025 20:00,103,18
6/8/2025 21:00,103,10
6/8/2025 22:00,103,4
6/8/2025 23:00,103,7
6/9/2025 0:00,103,6
6/9/2025 1:00,103,6
6/9/2025 2:00,103,4
6/9/2025 3:00,103,6
6/9/2025 4:00,103,1
6/9/2025 5:00,103,4
6/9/2025 6:00,103,21
6/9/2025 7:00,103,19
6/9/2025 8:00,103,21
6/9/2025 9:00,103,21
6/9/2025 10:00,103,12
6/9/2025 11:00,103,13
6/9/2025 12:00,103,11
6/9/2025 13:00,103,12
6/9/2025 14:00,103,14
6/9/2025 15:00,103,13
6/9/2025 16:00,103,11
6/9/2025 17:00,103,21
6/9/2025 18:00,103,22
6/9/2025 19:00,103,16
6/9/2025 20:00,103,23
6/9/2025 21:00,103,8
6/9/2025 22:00,103,9
6/9/2025 23:00,103,11
6/10/2025 0:00,103,3
6/10/2025 1:00,103,4
6/10/2025 2:00,103,5
6/10/2025 3:00,103,4
6/10/2025 4:00,103,9
6/10/2025 5:00,103,4
6/10/2025 6:00,103,19
6/10/2025 7:00,103,21
6/10/2025 8:00,103,18
6/10/2025 9:00,103,20
6/10/2025 10:00,103,13
6/10/2025 11:00,103,12
6/10/2025 12:00,103,12
6/10/2025 13:00,103,11
6/10/2025 14:00,103,9
6/10/2025 15:00,103,13
6/10/2025 16:00,103,16
6/10/2025 17:00,103,21
6/10/2025 18:00,103,21
6/10/2025 19:00,103,22
6/10/2025 20:00,103,18
6/10/2025 21:00,103,12
6/10/2025 22:00,103,9
6/10/2025 23:00,103,12
6/11/2025 0:00,103,4
6/11/2025 1:00,103,9
6/11/2025 2:00,103,7
6/11/2025 3:00,103,7
6/11/2025 4:00,103,6
6/11/2025 5:00,103,5
6/11/2025 6:00,103,23
6/11/2025 7:00,103,21
6/11/2025 8:00,103,17
6/11/2025 9:00,103,18
6/11/2025 10:00,103,12
6/11/2025 11:00,103,13
6/11/2025 12:00,103,12
6/11/2025 13:00,103,15
6/11/2025 14:00,103,9
6/11/2025 15:00,103,13
6/11/2025 16:00,103,9
6/11/2025 17:00,103,22
6/11/2025 18:00,103,20
6/11/2025 19:00,103,21
6/11/2025 20:00,103,19
6/11/2025 21:00,103,11
6/11/2025 22:00,103,11
6/11/2025 23:00,103,10
6/12/2025 0:00,103,5
6/12/2025 1:00,103,7
6/12/2025 2:00,103,4
6/12/2025 3:00,103,7
6/12/2025 4:00,103,9
6/12/2025 5:00,103,8
6/12/2025 6:00,103,19
6/12/2025 7:00,103,21
6/12/2025 8:00,103,18
6/12/2025 9:00,103,22
6/12/2025 10:00,103,13
6/12/2025 11:00,103,9
6/12/2025 12:00,103,10
6/12/2025 13:00,103,12
6/12/2025 14:00,103,12
6/12/2025 15:00,103,10
6/12/2025 16:00,103,13
6/12/2025 17:00,103,21
6/12/2025 18:00,103,20
6/12/2025 19:00,103,19
6/12/2025 20:00,103,23
6/12/2025 21:00,103,12
6/12/2025 22:00,103,8
6/12/2025 23:00,103,7
6/13/2025 0:00,103,6
6/13/2025 1:00,103,5
6/13/2025 2:00,103,5
6/13/2025 3:00,103,7
6/13/2025 4:00,103,2
6/13/2025 5:00,103,8
6/13/2025 6:00,103,21
6/13/2025 7:00,103,20
6/13/2025 8:00,103,20
6/13/2025 9:00,103,20
6/13/2025 10:00,103,9
6/13/2025 11:00,103,15
6/13/2025 12:00,103,13
6/13/2025 13:00,103,13
6/13/2025 14:00,103,14
6/13/2025 15:00,103,10
6/13/2025 16:00,103,13
6/13/2025 17:00,103,20
6/13/2025 18:00,103,22
6/13/2025 19:00,103,16
6/13/2025 20:00,103,20
6/13/2025 21:00,103,7
6/13/2025 22:00,103,9
6/13/2025 23:00,103,9
6/14/2025 0:00,103,3
6/14/2025 1:00,103,3
6/14/2025 2:00,103,5
6/14/2025 3:00,103,3
6/14/2025 4:00,103,7
6/14/2025 5:00,103,4
6/14/2025 6:00,103,13
6/14/2025 7:00,103,18
6/14/2025 8:00,103,16
6/14/2025 9:00,103,15
6/14/2025 10:00,103,9
6/14/2025 11:00,103,11
6/14/2025 12:00,103,14
6/14/2025 13:00,103,12
6/14/2025 14:00,103,10
6/14/2025 15:00,103,12
6/14/2025 16:00,103,10
6/14/2025 17:00,103,17
6/14/2025 18:00,103,16
6/14/2025 19:00,103,15
6/14/2025 20:00,103,18
6/14/2025 21:00,103,8
6/14/2025 22:00,103,7
6/14/2025 23:00,103,7
6/15/2025 0:00,103,3
6/15/2025 1:00,103,6
6/15/2025 2:00,103,2
6/15/2025 3:00,103,6
6/15/2025 4:00,103,3
6/15/2025 5:00,103,3
6/15/2025 6:00,103,15
6/15/2025 7:00,103,17
6/15/2025 8:00,103,20
6/15/2025 9:00,103,19
6/15/2025 10:00,103,13
6/15/2025 11:00,103,12
6/15/2025 12:00,103,9
6/15/2025 13:00,103,11
6/15/2025 14:00,103,10
6/15/2025 15:00,103,14
6/15/2025 16:00,103,9
6/15/2025 17:00,103,20
6/15/2025 18:00,103,20
6/15/2025 19:00,103,22
6/15/2025 20:00,103,18
6/15/2025 21:00,103,9
6/15/2025 22:00,103,12
6/15/2025 23:00,103,6
6/16/2025 0:00,103,2
6/16/2025 1:00,103,2
6/16/2025 2:00,103,7
6/16/2025 3:00,103,2
6/16/2025 4:00,103,5
6/16/2025 5:00,103,6
6/16/2025 6:00,103,21
6/16/2025 7:00,103,21
6/16/2025 8:00,103,21
6/16/2025 9:00,103,23
6/16/2025 10:00,103,11
6/16/2025 11:00,103,11
6/16/2025 12:00,103,11
6/16/2025 13:00,103,14
6/16/2025 14:00,103,14
6/16/2025 15:00,103,13
6/16/2025 16:00,103,15
6/16/2025 17:00,103,18
6/16/2025 18:00,103,24
6/16/2025 19:00,103,24
6/16/2025 20:00,103,22
6/16/2025 21:00,103,12
6/16/2025 22:00,103,5
6/16/2025 23:00,103,7
6/17/2025 0:00,103,4
6/17/2025 1:00,103,7
6/17/2025 2:00,103,3
6/17/2025 3:00,103,7
6/17/2025 4:00,103,8
6/17/2025 5:00,103,7
6/17/2025 6:00,103,21
6/17/2025 7:00,103,19
6/17/2025 8:00,103,19
6/17/2025 9:00,103,23
6/17/2025 10:00,103,14
6/17/2025 11:00,103,12
6/17/2025 12:00,103,12
6/17/2025 13:00,103,8
6/17/2025 14:00,103,10
6/17/2025 15:00,103,16
6/17/2025 16:00,103,10
6/17/2025 17:00,103,21
6/17/2025 18:00,103,23
6/17/2025 19:00,103,18
6/17/2025 20:00,103,21
6/17/2025 21:00,103,10
6/17/2025 22:00,103,9
6/17/2025 23:00,103,14
6/18/2025 0:00,103,2
6/18/2025 1:00,103,8
6/18/2025 2:00,103,5
6/18/2025 3:00,103,7
6/18/2025 4:00,103,6
6/18/2025 5:00,103,4
6/18/2025 6:00,103,21
6/18/2025 7:00,103,17
6/18/2025 8:00,103,22
6/18/2025 9:00,103,21
6/18/2025 10:00,103,14
6/18/2025 11:00,103,15
6/18/2025 12:00,103,13
6/18/2025 13:00,103,13
6/18/2025 14:00,103,11
6/18/2025 15:00,103,11
6/18/2025 16:00,103,15
6/18/2025 17:00,103,23
6/18/2025 18:00,103,20
6/18/2025 19:00,103,21
6/18/2025 20:00,103,19
6/18/2025 21:00,103,11
6/18/2025 22:00,103,10
6/18/2025 23:00,103,12
6/19/2025 0:00,103,4
6/19/2025 1:00,103,5
6/19/2025 2:00,103,6
6/19/2025 3:00,103,7
6/19/2025 4:00,103,5
6/19/2025 5:00,103,4
6/19/2025 6:00,103,22
6/19/2025 7:00,103,22
6/19/2025 8:00,103,19
6/19/2025 9:00,103,23
6/19/2025 10:00,103,15
6/19/2025 11:00,103,13
6/19/2025 12:00,103,13
6/19/2025 13:00,103,14
6/19/2025 14:00,103,11
6/19/2025 15:00,103,13
6/19/2025 16:00,103,8
6/19/2025 17:00,103,22
6/19/2025 18:00,103,17
6/19/2025 19:00,103,24
6/19/2025 20:00,103,20
6/19/2025 21:00,103,8
6/19/2025 22:00,103,7
6/19/2025 23:00,103,8
6/20/2025 0:00,103,8
6/20/2025 1:00,103,1
6/20/2025 2:00,103,8
6/20/2025 3:00,103,6
6/20/2025 4:00,103,3
6/20/2025 5:00,103,3
6/20/2025 6:00,103,24
6/20/2025 7:00,103,19
6/20/2025 8:00,103,18
6/20/2025 9:00,103,23
6/20/2025 10:00,103,13
6/20/2025 11:00,103,11
6/20/2025 12:00,103,13
6/20/2025 13:00,103,10
6/20/2025 14:00,103,15
6/20/2025 15:00,103,15
6/20/2025 16:00,103,14
6/20/2025 17:00,103,21
6/20/2025 18:00,103,24
6/20/2025 19:00,103,20
6/20/2025 20:00,103,18
6/20/2025 21:00,103,9
6/20/2025 22:00,103,13
6/20/2025 23:00,103,6
6/21/2025 0:00,103,4
6/21/2025 1:00,103,6
6/21/2025 2:00,103,5
6/21/2025 3:00,103,3
6/21/2025 4:00,103,7
6/21/2025 5:00,103,10
6/21/2025 6:00,103,19
6/21/2025 7:00,103,17
6/21/2025 8:00,103,15
6/21/2025 9:00,103,19
6/21/2025 10:00,103,13
6/21/2025 11:00,103,12
6/21/2025 12:00,103,11
6/21/2025 13:00,103,10
6/21/2025 14:00,103,9
6/21/2025 15:00,103,13
6/21/2025 16:00,103,13
6/21/2025 17:00,103,15
6/21/2025 18:00,103,22
6/21/2025 19:00,103,20
6/21/2025 20:00,103,21
6/21/2025 21:00,103,5
6/21/2025 22:00,103,5
6/21/2025 23:00,103,7
6/22/2025 0:00,103,6
6/22/2025 1:00,103,8
6/22/2025 2:00,103,6
6/22/2025 3:00,103,4
6/22/2025 4:00,103,3
6/22/2025 5:00,103,7
6/22/2025 6:00,103,16
6/22/2025 7:00,103,22
6/22/2025 8:00,103,18
6/22/2025 9:00,103,22
6/22/2025 10:00,103,13
6/22/2025 11:00,103,11
6/22/2025 12:00,103,10
6/22/2025 13:00,103,11
6/22/2025 14:00,103,12
6/22/2025 15:00,103,11
6/22/2025 16:00,103,10
6/22/2025 17:00,103,18
6/22/2025 18:00,103,19
6/22/2025 19:00,103,14
6/22/2025 20:00,103,19
6/22/2025 21:00,103,6
6/22/2025 22:00,103,5
6/22/2025 23:00,103,4
6/23/2025 0:00,103,2
6/23/2025 1:00,103,3
6/23/2025 2:00,103,4
6/23/2025 3:00,103,9
6/23/2025 4:00,103,4
6/23/2025 5:00,103,6
6/23/2025 6:00,103,21
6/23/2025 7:00,103,21
6/23/2025 8:00,103,20
6/23/2025 9:00,103,18
6/23/2025 10:00,103,15
6/23/2025 11:00,103,16
6/23/2025 12:00,103,9
6/23/2025 13:00,103,10
6/23/2025 14:00,103,12
6/23/2025 15:00,103,11
6/23/2025 16:00,103,14
6/23/2025 17:00,103,19
6/23/2025 18:00,103,25
6/23/2025 19:00,103,23
6/23/2025 20:00,103,21
6/23/2025 21:00,103,11
6/23/2025 22:00,103,11
6/23/2025 23:00,103,7
6/24/2025 0:00,103,4
6/24/2025 1:00,103,6
6/24/2025 2:00,103,7
6/24/2025 3:00,103,6
6/24/2025 4:00,103,2
6/24/2025 5:00,103,4
6/24/2025 6:00,103,20
6/24/2025 7:00,103,20
6/24/2025 8:00,103,24
6/24/2025 9:00,103,18
6/24/2025 10:00,103,14
6/24/2025 11:00,103,15
6/24/2025 12:00,103,17
6/24/2025 13:00,103,12
6/24/2025 14:00,103,13
6/24/2025 15:00,103,14
6/24/2025 16:00,103,13
6/24/2025 17:00,103,20
6/24/2025 18:00,103,21
6/24/2025 19:00,103,15
6/24/2025 20:00,103,22
6/24/2025 21:00,103,9
6/24/2025 22:00,103,8
6/24/2025 23:00,103,13
6/25/2025 0:00,103,4
6/25/2025 1:00,103,5
6/25/2025 2:00,103,9
6/25/2025 3:00,103,4
6/25/2025 4:00,103,4
6/25/2025 5:00,103,5
6/25/2025 6:00,103,22
6/25/2025 7:00,103,21
6/25/2025 8:00,103,18
6/25/2025 9:00,103,19
6/25/2025 10:00,103,11
6/25/2025 11:00,103,12
6/25/2025 12:00,103,13
6/25/2025 13:00,103,13
6/25/2025 14:00,103,9
6/25/2025 15:00,103,15
6/25/2025 16:00,103,13
6/25/2025 17:00,103,23
6/25/2025 18:00,103,21
6/25/2025 19:00,103,23
6/25/2025 20:00,103,21
6/25/2025 21:00,103,11
6/25/2025 22:00,103,10
6/25/2025 23:00,103,8
6/26/2025 0:00,103,10
6/26/2025 1:00,103,7
6/26/2025 2:00,103,7
6/26/2025 3:00,103,3
6/26/2025 4:00,103,3
6/26/2025 5:00,103,6
6/26/2025 6:00,103,21
6/26/2025 7:00,103,19
6/26/2025 8:00,103,21
6/26/2025 9:00,103,24
6/26/2025 10:00,103,14
6/26/2025 11:00,103,10
6/26/2025 12:00,103,12
6/26/2025 13:00,103,11
6/26/2025 14:00,103,12
6/26/2025 15:00,103,12
6/26/2025 16:00,103,12
6/26/2025 17:00,103,18
6/26/2025 18:00,103,20
6/26/2025 19:00,103,19
6/26/2025 20:00,103,15
6/26/2025 21:00,103,13
6/26/2025 22:00,103,11
6/26/2025 23:00,103,8
6/27/2025 0:00,103,6
6/27/2025 1:00,103,3
6/27/2025 2:00,103,9
6/27/2025 3:00,103,9
6/27/2025 4:00,103,6
6/27/2025 5:00,103,8
6/27/2025 6:00,103,21
6/27/2025 7:00,103,18
6/27/2025 8:00,103,20
6/27/2025 9:00,103,21
6/27/2025 10:00,103,12
6/27/2025 11:00,103,12
6/27/2025 12:00,103,12
6/27/2025 13:00,103,12
6/27/2025 14:00,103,13
6/27/2025 15:00,103,10
6/27/2025 16:00,103,11
6/27/2025 17:00,103,18
6/27/2025 18:00,103,22
6/27/2025 19:00,103,16
6/27/2025 20:00,103,23
6/27/2025 21:00,103,11
6/27/2025 22:00,103,8
6/27/2025 23:00,103,3
6/28/2025 0:00,103,4
6/28/2025 1:00,103,5
6/28/2025 2:00,103,3
6/28/2025 3:00,103,4
6/28/2025 4:00,103,8
6/28/2025 5:00,103,6
6/28/2025 6:00,103,17
6/28/2025 7:00,103,15
6/28/2025 8:00,103,18
6/28/2025 9:00,103,18
6/28/2025 10:00,103,12
6/28/2025 11:00,103,10
6/28/2025 12:00,103,12
6/28/2025 13:00,103,15
6/28/2025 14:00,103,13
6/28/2025 15:00,103,11
6/28/2025 16:00,103,11
6/28/2025 17:00,103,18
6/28/2025 18:00,103,21
6/28/2025 19:00,103,17
6/28/2025 20:00,103,18
6/28/2025 21:00,103,8
6/28/2025 22:00,103,7
6/28/2025 23:00,103,5
6/29/2025 0:00,103,6
6/29/2025 1:00,103,5
6/29/2025 2:00,103,6
6/29/2025 3:00,103,4
6/29/2025 4:00,103,7
6/29/2025 5:00,103,3
6/29/2025 6:00,103,22
6/29/2025 7:00,103,15
6/29/2025 8:00,103,19
6/29/2025 9:00,103,19
6/29/2025 10:00,103,10
6/29/2025 11:00,103,12
6/29/2025 12:00,103,14
6/29/2025 13:00,103,7
6/29/2025 14:00,103,12
6/29/2025 15:00,103,6
6/29/2025 16:00,103,9
6/29/2025 17:00,103,22
6/29/2025 18:00,103,17
6/29/2025 19:00,103,16
6/29/2025 20:00,103,18
6/29/2025 21:00,103,12
6/29/2025 22:00,103,4
6/29/2025 23:00,103,5
6/30/2025 0:00,103,8
6/30/2025 1:00,103,9
6/30/2025 2:00,103,5
6/30/2025 3:00,103,3
6/30/2025 4:00,103,10
6/30/2025 5:00,103,9
6/30/2025 6:00,103,22
6/30/2025 7:00,103,19
6/30/2025 8:00,103,20
6/30/2025 9:00,103,20
6/30/2025 10:00,103,13
6/30/2025 11:00,103,15
6/30/2025 12:00,103,14
6/30/2025 13:00,103,10
6/30/2025 14:00,103,15
6/30/2025 15:00,103,13
6/30/2025 16:00,103,14
6/30/2025 17:00,103,23
6/30/2025 18:00,103,18
6/30/2025 19:00,103,20
6/30/2025 20:00,103,19
6/30/2025 21:00,103,5
6/30/2025 22:00,103,9
6/30/2025 23:00,103,14
7/1/2025 0:00,103,2
7/1/2025 1:00,103,5
7/1/2025 2:00,103,7
7/1/2025 3:00,103,6
7/1/2025 4:00,103,5
7/1/2025 5:00,103,3
7/1/2025 6:00,103,21
7/1/2025 7:00,103,19
7/1/2025 8:00,103,16
7/1/2025 9:00,103,23
7/1/2025 10:00,103,14
7/1/2025 11:00,103,13
7/1/2025 12:00,103,13
7/1/2025 13:00,103,15
7/1/2025 14:00,103,13
7/1/2025 15:00,103,14
7/1/2025 16:00,103,12
7/1/2025 17:00,103,23
7/1/2025 18:00,103,21
7/1/2025 19:00,103,21
7/1/2025 20:00,103,18
7/1/2025 21:00,103,9
7/1/2025 22:00,103,7
7/1/2025 23:00,103,7
7/2/2025 0:00,103,4
7/2/2025 1:00,103,3
7/2/2025 2:00,103,10
7/2/2025 3:00,103,8
7/2/2025 4:00,103,9
7/2/2025 5:00,103,3
7/2/2025 6:00,103,21
7/2/2025 7:00,103,18
7/2/2025 8:00,103,19
7/2/2025 9:00,103,19
7/2/2025 10:00,103,15
7/2/2025 11:00,103,12
7/2/2025 12:00,103,15
7/2/2025 13:00,103,14
7/2/2025 14:00,103,17
7/2/2025 15:00,103,10
7/2/2025 16:00,103,15
7/2/2025 17:00,103,23
7/2/2025 18:00,103,19
7/2/2025 19:00,103,23
7/2/2025 20:00,103,21
7/2/2025 21:00,103,8
7/2/2025 22:00,103,7
7/2/2025 23:00,103,7
7/3/2025 0:00,103,10
7/3/2025 1:00,103,6
7/3/2025 2:00,103,7
7/3/2025 3:00,103,4
7/3/2025 4:00,103,4
7/3/2025 5:00,103,8
7/3/2025 6:00,103,18
7/3/2025 7:00,103,20
7/3/2025 8:00,103,21
7/3/2025 9:00,103,21
7/3/2025 10:00,103,12
7/3/2025 11:00,103,13
7/3/2025 12:00,103,14
7/3/2025 13:00,103,14
7/3/2025 14:00,103,11
7/3/2025 15:00,103,12
7/3/2025 16:00,103,15
7/3/2025 17:00,103,22
7/3/2025 18:00,103,18
7/3/2025 19:00,103,21
7/3/2025 20:00,103,17
7/3/2025 21:00,103,9
7/3/2025 22:00,103,12
7/3/2025 23:00,103,7
7/4/2025 0:00,103,4
7/4/2025 1:00,103,7
7/4/2025 2:00,103,2
7/4/2025 3:00,103,4
7/4/2025 4:00,103,7
7/4/2025 5:00,103,4
7/4/2025 6:00,103,20
7/4/2025 7:00,103,22
7/4/2025 8:00,103,21
7/4/2025 9:00,103,21
7/4/2025 10:00,103,12
7/4/2025 11:00,103,13
7/4/2025 12:00,103,12
7/4/2025 13:00,103,13
7/4/2025 14:00,103,12
7/4/2025 15:00,103,12
7/4/2025 16:00,103,11
7/4/2025 17:00,103,20
7/4/2025 18:00,103,19
7/4/2025 19:00,103,18
7/4/2025 20:00,103,21
7/4/2025 21:00,103,9
7/4/2025 22:00,103,10
7/4/2025 23:00,103,8
7/5/2025 0:00,103,6
7/5/2025 1:00,103,6
7/5/2025 2:00,103,6
7/5/2025 3:00,103,3
7/5/2025 4:00,103,5
7/5/2025 5:00,103,6
7/5/2025 6:00,103,18
7/5/2025 7:00,103,14
7/5/2025 8:00,103,19
7/5/2025 9:00,103,23
7/5/2025 10:00,103,10
7/5/2025 11:00,103,10
7/5/2025 12:00,103,12
7/5/2025 13:00,103,12
7/5/2025 14:00,103,14
7/5/2025 15:00,103,9
7/5/2025 16:00,103,13
7/5/2025 17:00,103,20
7/5/2025 18:00,103,18
7/5/2025 19:00,103,19
7/5/2025 20:00,103,20
7/5/2025 21:00,103,9
7/5/2025 22:00,103,5
7/5/2025 23:00,103,9
7/6/2025 0:00,103,5
7/6/2025 1:00,103,5
7/6/2025 2:00,103,5
7/6/2025 3:00,103,5
7/6/2025 4:00,103,7
7/6/2025 5:00,103,5
7/6/2025 6:00,103,16
7/6/2025 7:00,103,18
7/6/2025 8:00,103,19
7/6/2025 9:00,103,21
7/6/2025 10:00,103,12
7/6/2025 11:00,103,9
7/6/2025 12:00,103,16
7/6/2025 13:00,103,12
7/6/2025 14:00,103,14
7/6/2025 15:00,103,11
7/6/2025 16:00,103,12
7/6/2025 17:00,103,20
7/6/2025 18:00,103,21
7/6/2025 19:00,103,21
7/6/2025 20:00,103,20
7/6/2025 21:00,103,7
7/6/2025 22:00,103,6
7/6/2025 23:00,103,8
7/7/2025 0:00,103,7
7/7/2025 1:00,103,5
7/7/2025 2:00,103,8
7/7/2025 3:00,103,8
7/7/2025 4:00,103,4
7/7/2025 5:00,103,4
7/7/2025 6:00,103,20
7/7/2025 7:00,103,21
7/7/2025 8:00,103,19
7/7/2025 9:00,103,23
7/7/2025 10:00,103,13
7/7/2025 11:00,103,13
7/7/2025 12:00,103,10
7/7/2025 13:00,103,10
7/7/2025 14:00,103,13
7/7/2025 15:00,103,8
7/7/2025 16:00,103,15
7/7/2025 17:00,103,20
7/7/2025 18:00,103,27
7/7/2025 19:00,103,25
7/7/2025 20:00,103,20
7/7/2025 21:00,103,8
7/7/2025 22:00,103,10
7/7/2025 23:00,103,12
7/8/2025 0:00,103,2
7/8/2025 1:00,103,2
7/8/2025 2:00,103,4
7/8/2025 3:00,103,7
7/8/2025 4:00,103,6
7/8/2025 5:00,103,8
7/8/2025 6:00,103,18
7/8/2025 7:00,103,16
7/8/2025 8:00,103,22
7/8/2025 9:00,103,19
7/8/2025 10:00,103,8
7/8/2025 11:00,103,13
7/8/2025 12:00,103,14
7/8/2025 13:00,103,12
7/8/2025 14:00,103,12
7/8/2025 15:00,103,12
7/8/2025 16:00,103,12
7/8/2025 17:00,103,18
7/8/2025 18:00,103,19
7/8/2025 19:00,103,22
7/8/2025 20:00,103,21
7/8/2025 21:00,103,9
7/8/2025 22:00,103,7
7/8/2025 23:00,103,8
7/9/2025 0:00,103,1
7/9/2025 1:00,103,6
7/9/2025 2:00,103,8
7/9/2025 3:00,103,3
7/9/2025 4:00,103,4
7/9/2025 5:00,103,6
7/9/2025 6:00,103,23
7/9/2025 7:00,103,20
7/9/2025 8:00,103,19
7/9/2025 9:00,103,17
7/9/2025 10:00,103,13
7/9/2025 11:00,103,17
7/9/2025 12:00,103,13
7/9/2025 13:00,103,12
7/9/2025 14:00,103,13
7/9/2025 15:00,103,12
7/9/2025 16:00,103,11
7/9/2025 17:00,103,22
7/9/2025 18:00,103,21
7/9/2025 19:00,103,21
7/9/2025 20:00,103,19
7/9/2025 21:00,103,11
7/9/2025 22:00,103,10
7/9/2025 23:00,103,7
7/10/2025 0:00,103,8
7/10/2025 1:00,103,5
7/10/2025 2:00,103,4
7/10/2025 3:00,103,4
7/10/2025 4:00,103,2
7/10/2025 5:00,103,6
7/10/2025 6:00,103,17
7/10/2025 7:00,103,18
7/10/2025 8:00,103,16
7/10/2025 9:00,103,20
7/10/2025 10:00,103,12
7/10/2025 11:00,103,12
7/10/2025 12:00,103,10
7/10/2025 13:00,103,10
7/10/2025 14:00,103,13
7/10/2025 15:00,103,11
7/10/2025 16:00,103,13
7/10/2025 17:00,103,19
7/10/2025 18:00,103,21
7/10/2025 19:00,103,23
7/10/2025 20:00,103,22
7/10/2025 21:00,103,8
7/10/2025 22:00,103,9
7/10/2025 23:00,103,8
7/11/2025 0:00,103,6
7/11/2025 1:00,103,5
7/11/2025 2:00,103,5
7/11/2025 3:00,103,6
7/11/2025 4:00,103,4
7/11/2025 5:00,103,3
7/11/2025 6:00,103,18
7/11/2025 7:00,103,17
7/11/2025 8:00,103,18
7/11/2025 9:00,103,21
7/11/2025 10:00,103,11
7/11/2025 11:00,103,14
7/11/2025 12:00,103,13
7/11/2025 13:00,103,9
7/11/2025 14:00,103,14
7/11/2025 15:00,103,14
7/11/2025 16:00,103,11
7/11/2025 17:00,103,21
7/11/2025 18:00,103,19
7/11/2025 19:00,103,21
7/11/2025 20:00,103,18
7/11/2025 21:00,103,5
7/11/2025 22:00,103,8
7/11/2025 23:00,103,8
7/12/2025 0:00,103,4
7/12/2025 1:00,103,3
7/12/2025 2:00,103,4
7/12/2025 3:00,103,5
7/12/2025 4:00,103,5
7/12/2025 5:00,103,5
7/12/2025 6:00,103,17
7/12/2025 7:00,103,21
7/12/2025 8:00,103,16
7/12/2025 9:00,103,19
7/12/2025 10:00,103,14
7/12/2025 11:00,103,12
7/12/2025 12:00,103,11
7/12/2025 13:00,103,10
7/12/2025 14:00,103,13
7/12/2025 15:00,103,8
7/12/2025 16:00,103,9
7/12/2025 17:00,103,18
7/12/2025 18:00,103,21
7/12/2025 19:00,103,19
7/12/2025 20:00,103,16
7/12/2025 21:00,103,7
7/12/2025 22:00,103,6
7/12/2025 23:00,103,6
7/13/2025 0:00,103,7
7/13/2025 1:00,103,2
7/13/2025 2:00,103,8
7/13/2025 3:00,103,7
7/13/2025 4:00,103,7
7/13/2025 5:00,103,4
7/13/2025 6:00,103,18
7/13/2025 7:00,103,16
7/13/2025 8:00,103,17
7/13/2025 9:00,103,19
7/13/2025 10:00,103,14
7/13/2025 11:00,103,9
7/13/2025 12:00,103,10
7/13/2025 13:00,103,11
7/13/2025 14:00,103,8
7/13/2025 15:00,103,12
7/13/2025 16:00,103,10
7/13/2025 17:00,103,18
7/13/2025 18:00,103,17
7/13/2025 19:00,103,17
7/13/2025 20:00,103,18
7/13/2025 21:00,103,7
7/13/2025 22:00,103,7
7/13/2025 23:00,103,6
7/14/2025 0:00,103,6
7/14/2025 1:00,103,9
7/14/2025 2:00,103,6
7/14/2025 3:00,103,7
7/14/2025 4:00,103,3
7/14/2025 5:00,103,6
7/14/2025 6:00,103,18
7/14/2025 7:00,103,18
7/14/2025 8:00,103,19
7/14/2025 9:00,103,23
7/14/2025 10:00,103,14
7/14/2025 11:00,103,13
7/14/2025 12:00,103,9
7/14/2025 13:00,103,12
7/14/2025 14:00,103,13
7/14/2025 15:00,103,13
7/14/2025 16:00,103,9
7/14/2025 17:00,103,19
7/14/2025 18:00,103,20
7/14/2025 19:00,103,22
7/14/2025 20:00,103,16
7/14/2025 21:00,103,8
7/14/2025 22:00,103,9
7/14/2025 23:00,103,10
7/15/2025 0:00,103,7
7/15/2025 1:00,103,7
7/15/2025 2:00,103,4
7/15/2025 3:00,103,2
7/15/2025 4:00,103,5
7/15/2025 5:00,103,8
7/15/2025 6:00,103,23
7/15/2025 7:00,103,22
7/15/2025 8:00,103,21
7/15/2025 9:00,103,21
7/15/2025 10:00,103,11
7/15/2025 11:00,103,12
7/15/2025 12:00,103,16
7/15/2025 13:00,103,11
7/15/2025 14:00,103,16
7/15/2025 15:00,103,12
7/15/2025 16:00,103,15
7/15/2025 17:00,103,18
7/15/2025 18:00,103,22
7/15/2025 19:00,103,19
7/15/2025 20:00,103,18
7/15/2025 21:00,103,9
7/15/2025 22:00,103,11
7/15/2025 23:00,103,7
7/16/2025 0:00,103,3
7/16/2025 1:00,103,5
7/16/2025 2:00,103,5
7/16/2025 3:00,103,7
7/16/2025 4:00,103,7
7/16/2025 5:00,103,5
7/16/2025 6:00,103,24
7/16/2025 7:00,103,21
7/16/2025 8:00,103,20
7/16/2025 9:00,103,17
7/16/2025 10:00,103,12
7/16/2025 11:00,103,12
7/16/2025 12:00,103,14
7/16/2025 13:00,103,13
7/16/2025 14:00,103,10
7/16/2025 15:00,103,13
7/16/2025 16:00,103,14
7/16/2025 17:00,103,24
7/16/2025 18:00,103,22
7/16/2025 19:00,103,22
7/16/2025 20:00,103,21
7/16/2025 21:00,103,9
7/16/2025 22:00,103,11
7/16/2025 23:00,103,6
7/17/2025 0:00,103,5
7/17/2025 1:00,103,4
7/17/2025 2:00,103,6
7/17/2025 3:00,103,8
7/17/2025 4:00,103,4
7/17/2025 5:00,103,1
7/17/2025 6:00,103,20
7/17/2025 7:00,103,22
7/17/2025 8:00,103,22
7/17/2025 9:00,103,21
7/17/2025 10:00,103,12
7/17/2025 11:00,103,10
7/17/2025 12:00,103,14
7/17/2025 13:00,103,11
7/17/2025 14:00,103,17
7/17/2025 15:00,103,14
7/17/2025 16:00,103,11
7/17/2025 17:00,103,19
7/17/2025 18:00,103,20
7/17/2025 19:00,103,20
7/17/2025 20:00,103,23
7/17/2025 21:00,103,9
7/17/2025 22:00,103,7
7/17/2025 23:00,103,12
7/18/2025 0:00,103,6
7/18/2025 1:00,103,7
7/18/2025 2:00,103,4
7/18/2025 3:00,103,6
7/18/2025 4:00,103,6
7/18/2025 5:00,103,2
7/18/2025 6:00,103,25
7/18/2025 7:00,103,23
7/18/2025 8:00,103,20
7/18/2025 9:00,103,18
7/18/2025 10:00,103,13
7/18/2025 11:00,103,13
7/18/2025 12:00,103,13
7/18/2025 13:00,103,13
7/18/2025 14:00,103,14
7/18/2025 15:00,103,15
7/18/2025 16:00,103,14
7/18/2025 17:00,103,18
7/18/2025 18:00,103,23
7/18/2025 19:00,103,24
7/18/2025 20:00,103,27
7/18/2025 21:00,103,6
7/18/2025 22:00,103,9
7/18/2025 23:00,103,4
7/19/2025 0:00,103,6
7/19/2025 1:00,103,4
7/19/2025 2:00,103,9
7/19/2025 3:00,103,3
7/19/2025 4:00,103,2
7/19/2025 5:00,103,4
7/19/2025 6:00,103,14
7/19/2025 7:00,103,20
7/19/2025 8:00,103,14
7/19/2025 9:00,103,18
7/19/2025 10:00,103,7
7/19/2025 11:00,103,11
7/19/2025 12:00,103,14
7/19/2025 13:00,103,12
7/19/2025 14:00,103,9
7/19/2025 15:00,103,11
7/19/2025 16:00,103,11
7/19/2025 17:00,103,19
7/19/2025 18:00,103,16
7/19/2025 19:00,103,20
7/19/2025 20:00,103,13
7/19/2025 21:00,103,6
7/19/2025 22:00,103,7
7/19/2025 23:00,103,9
7/20/2025 0:00,103,5
7/20/2025 1:00,103,2
7/20/2025 2:00,103,3
7/20/2025 3:00,103,5
7/20/2025 4:00,103,5
7/20/2025 5:00,103,4
7/20/2025 6:00,103,17
7/20/2025 7:00,103,20
7/20/2025 8:00,103,17
7/20/2025 9:00,103,18
7/20/2025 10:00,103,16
7/20/2025 11:00,103,8
7/20/2025 12:00,103,7
7/20/2025 13:00,103,13
7/20/2025 14:00,103,10
7/20/2025 15:00,103,11
7/20/2025 16:00,103,10
7/20/2025 17:00,103,18
7/20/2025 18:00,103,22
7/20/2025 19:00,103,20
7/20/2025 20:00,103,20
7/20/2025 21:00,103,5
7/20/2025 22:00,103,5
7/20/2025 23:00,103,2
7/21/2025 0:00,103,4
7/21/2025 1:00,103,7
7/21/2025 2:00,103,7
7/21/2025 3:00,103,5
7/21/2025 4:00,103,5
7/21/2025 5:00,103,4
7/21/2025 6:00,103,21
7/21/2025 7:00,103,22
7/21/2025 8:00,103,17
7/21/2025 9:00,103,21
7/21/2025 10:00,103,14
7/21/2025 11:00,103,12
7/21/2025 12:00,103,14
7/21/2025 13:00,103,18
7/21/2025 14:00,103,12
7/21/2025 15:00,103,13
7/21/2025 16:00,103,11
7/21/2025 17:00,103,21
7/21/2025 18:00,103,21
7/21/2025 19:00,103,21
7/21/2025 20:00,103,18
7/21/2025 21:00,103,9
7/21/2025 22:00,103,11
7/21/2025 23:00,103,9
7/22/2025 0:00,103,7
7/22/2025 1:00,103,5
7/22/2025 2:00,103,7
7/22/2025 3:00,103,6
7/22/2025 4:00,103,4
7/22/2025 5:00,103,6
7/22/2025 6:00,103,19
7/22/2025 7:00,103,19
7/22/2025 8:00,103,21
7/22/2025 9:00,103,21
7/22/2025 10:00,103,10
7/22/2025 11:00,103,15
7/22/2025 12:00,103,14
7/22/2025 13:00,103,11
7/22/2025 14:00,103,9
7/22/2025 15:00,103,12
7/22/2025 16:00,103,12
7/22/2025 17:00,103,21
7/22/2025 18:00,103,20
7/22/2025 19:00,103,16
7/22/2025 20:00,103,20
7/22/2025 21:00,103,8
7/22/2025 22:00,103,10
7/22/2025 23:00,103,7
7/23/2025 0:00,103,9
7/23/2025 1:00,103,2
7/23/2025 2:00,103,8
7/23/2025 3:00,103,5
7/23/2025 4:00,103,7
7/23/2025 5:00,103,6
7/23/2025 6:00,103,23
7/23/2025 7:00,103,20
7/23/2025 8:00,103,18
7/23/2025 9:00,103,23
7/23/2025 10:00,103,12
7/23/2025 11:00,103,13
7/23/2025 12:00,103,15
7/23/2025 13:00,103,10
7/23/2025 14:00,103,14
7/23/2025 15:00,103,11
7/23/2025 16:00,103,12
7/23/2025 17:00,103,21
7/23/2025 18:00,103,17
7/23/2025 19:00,103,19
7/23/2025 20:00,103,23
7/23/2025 21:00,103,10
7/23/2025 22:00,103,8
7/23/2025 23:00,103,9
7/24/2025 0:00,103,5
7/24/2025 1:00,103,8
7/24/2025 2:00,103,5
7/24/2025 3:00,103,6
7/24/2025 4:00,103,8
7/24/2025 5:00,103,4
7/24/2025 6:00,103,24
7/24/2025 7:00,103,17
7/24/2025 8:00,103,24
7/24/2025 9:00,103,20
7/24/2025 10:00,103,12
7/24/2025 11:00,103,9
7/24/2025 12:00,103,12
7/24/2025 13:00,103,10
7/24/2025 14:00,103,11
7/24/2025 15:00,103,12
7/24/2025 16:00,103,14
7/24/2025 17:00,103,21
7/24/2025 18:00,103,21
7/24/2025 19:00,103,18
7/24/2025 20:00,103,19
7/24/2025 21:00,103,12
7/24/2025 22:00,103,7
7/24/2025 23:00,103,12
7/25/2025 0:00,103,5
7/25/2025 1:00,103,6
7/25/2025 2:00,103,8
7/25/2025 3:00,103,8
7/25/2025 4:00,103,5
7/25/2025 5:00,103,5
7/25/2025 6:00,103,20
7/25/2025 7:00,103,21
7/25/2025 8:00,103,22
7/25/2025 9:00,103,21
7/25/2025 10:00,103,14
7/25/2025 11:00,103,16
7/25/2025 12:00,103,13
7/25/2025 13:00,103,13
7/25/2025 14:00,103,9
7/25/2025 15:00,103,7
7/25/2025 16:00,103,13
7/25/2025 17:00,103,20
7/25/2025 18:00,103,19
7/25/2025 19:00,103,21
7/25/2025 20:00,103,20
7/25/2025 21:00,103,11
7/25/2025 22:00,103,9
7/25/2025 23:00,103,7
7/26/2025 0:00,103,7
7/26/2025 1:00,103,4
7/26/2025 2:00,103,6
7/26/2025 3:00,103,4
7/26/2025 4:00,103,4
7/26/2025 5:00,103,5
7/26/2025 6:00,103,18
7/26/2025 7:00,103,19
7/26/2025 8:00,103,18
7/26/2025 9:00,103,15
7/26/2025 10:00,103,10
7/26/2025 11:00,103,13
7/26/2025 12:00,103,11
7/26/2025 13:00,103,11
7/26/2025 14:00,103,13
7/26/2025 15:00,103,10
7/26/2025 16:00,103,8
7/26/2025 17:00,103,18
7/26/2025 18:00,103,17
7/26/2025 19:00,103,16
7/26/2025 20:00,103,18
7/26/2025 21:00,103,9
7/26/2025 22:00,103,8
7/26/2025 23:00,103,8
7/27/2025 0:00,103,9
7/27/2025 1:00,103,4
7/27/2025 2:00,103,5
7/27/2025 3:00,103,4
7/27/2025 4:00,103,3
7/27/2025 5:00,103,4
7/27/2025 6:00,103,17
7/27/2025 7:00,103,19
7/27/2025 8:00,103,23
7/27/2025 9:00,103,17
7/27/2025 10:00,103,10
7/27/2025 11:00,103,11
7/27/2025 12:00,103,12
7/27/2025 13:00,103,12
7/27/2025 14:00,103,14
7/27/2025 15:00,103,6
7/27/2025 16:00,103,6
7/27/2025 17:00,103,17
7/27/2025 18:00,103,21
7/27/2025 19:00,103,15
7/27/2025 20:00,103,12
7/27/2025 21:00,103,9
7/27/2025 22:00,103,8
7/27/2025 23:00,103,5
7/28/2025 0:00,103,4
7/28/2025 1:00,103,4
7/28/2025 2:00,103,6
7/28/2025 3:00,103,4
7/28/2025 4:00,103,6
7/28/2025 5:00,103,0
7/28/2025 6:00,103,19
7/28/2025 7:00,103,18
7/28/2025 8:00,103,20
7/28/2025 9:00,103,19
7/28/2025 10:00,103,14
7/28/2025 11:00,103,9
7/28/2025 12:00,103,13
7/28/2025 13:00,103,14
7/28/2025 14:00,103,16
7/28/2025 15:00,103,12
7/28/2025 16:00,103,13
7/28/2025 17:00,103,17
7/28/2025 18:00,103,16
7/28/2025 19:00,103,22
7/28/2025 20:00,103,20
7/28/2025 21:00,103,11
7/28/2025 22:00,103,6
7/28/2025 23:00,103,10
7/29/2025 0:00,103,9
7/29/2025 1:00,103,6
7/29/2025 2:00,103,6
7/29/2025 3:00,103,6
7/29/2025 4:00,103,2
7/29/2025 5:00,103,8
7/29/2025 6:00,103,19
7/29/2025 7:00,103,22
7/29/2025 8:00,103,17
7/29/2025 9:00,103,18
7/29/2025 10:00,103,15
7/29/2025 11:00,103,12
7/29/2025 12:00,103,15
7/29/2025 13:00,103,12
7/29/2025 14:00,103,9
7/29/2025 15:00,103,14
7/29/2025 16:00,103,11
7/29/2025 17:00,103,22
7/29/2025 18:00,103,21
7/29/2025 19:00,103,17
7/29/2025 20:00,103,21
7/29/2025 21:00,103,13
7/29/2025 22:00,103,9
7/29/2025 23:00,103,8
7/30/2025 0:00,103,8
